标题,时间,内容,一级类别,来源网站,访问地址
财政部办公厅 工业和信息化部办公厅关于加强审计报告查验 完善专精特新“小巨人”企业服务管理的通知,2024-04-26,"
财办会〔2024〕15号各省、自治区、直辖市财政厅（局），深圳市财政局，新疆生产建设兵团财政局，各省、自治区、直辖市及计划单列市和新疆生产建设兵团中小企业主管部门，各会计师事务所，有关企业：　　为深入贯彻落实习近平总书记关于“支持专精特新企业发展”的重要指示精神，按照《中共中央办公厅国务院办公厅印发<关于进一步加强财会监督工作的意见>的通知》、《国务院办公厅关于进一步规范财务审计秩序促进注册会计师行业健康发展的意见》（国办发〔2021〕30号）有关要求，进一步加强专精特新“小巨人”企业审计报告查验，提升服务管理效能，现将有关事项通知如下：　　一、总体要求　　按照党中央、国务院决策部署，加强注册会计师行业监管信息化建设，拓展审计报告验证码应用，充分发挥注册会计师行业统一监管平台（http://acc.mof.gov.cn，以下简称统一监管平台）作用，运用信息化手段打击不法机构假冒会计师事务所名义出具虚假审计报告、个别会计师事务所为同一审计事项违规出具多份审计报告等违法违规行为，严格专精特新“小巨人”企业申请材料审核，将审计报告查验工作贯穿到专精特新“小巨人”企业认定、管理、服务全过程，夯实管理基础，创新服务方式，提升专精特新“小巨人”企业服务管理质量。　　二、加强审计报告报备和赋码　　参评专精特新“小巨人”的中小企业和专精特新“小巨人”企业（以下简称相关企业）在开展年报审计等审计工作时，应当要求会计师事务所及时将审计报告在统一监管平台报备并申请赋予验证码。　　会计师事务所应当主动向相关企业提供附验证码的审计报告，并确保验证码真实有效。相关企业可以通过统一监管平台或手机“扫一扫”等方式进行查验。　　财政部通过统一监管平台对审计报告赋予验证码，不代表对审计报告质量的认可或者对财务数据真实性的确认。　　三、加强审计报告查验　　相关企业按照《优质中小企业梯度培育管理暂行办法》（工信部企业〔2022〕63号）参评专精特新“小巨人”企业、到期复核或者更新信息的，应当在优质中小企业梯度培育平台上传提交附有验证码的审计报告。上传的审计报告应当为从统一监管平台下载的已赋码审计报告电子版原件。　　财政部、工业和信息化部将加大平台数据共享力度，在专精特新“小巨人”企业认定审核、到期复核、信息更新等工作中，查验相关企业所提交审计报告在统一监管平台上的报备情况，并依法核查、严厉打击会计师事务所或者相关机构的违法违规执业行为。　　四、加强组织实施　　各省级（含深圳市、新疆生产建设兵团）财政部门、各级中小企业主管部门应当督促、指导相关企业做好审计报告查验工作，推动形成审计报告使用者查验审计报告和会计师事务所自觉赋码审计报告的良好氛围，协助营造风清气正的行业环境。　　鼓励各省、自治区、直辖市及计划单列市、新疆生产建设兵团中小企业主管部门参照本通知，在创新型中小企业、专精特新中小企业等各类企业评价、认定及服务管理工作中查验审计报告，提升服务管理水平。　　本通知自印发之日起施行。　　财政部办公厅　　工业和信息化部办公厅　　2024年4月22日
",中小企业、民营经济发展政策,http://gxt.hebei.gov.cn/hbgyhxxht/zfxxgk/zc86/zxqymyjjfzzc27/index.html,http://gxt.hebei.gov.cn//hbgyhxxht/zfxxgk/fdzdgknr/ghjhzc/zxqymyjjfzzc/958672/index.html
关于公布2024年第一批优质中小企业服务机构名单的通知,2024-03-04,"
各市（含定州、辛集市）工业和信息化局，雄安新区改革发展局，有关单位：　　按照《河北省工业和信息化厅关于开展第一批优质中小企业服务机构征集遴选工作的通知》要求，经自愿申报、市局推荐、集中审核和网上公示等程序，确定河北国维知识产权咨询有限公司等128家机构为2024年第一批优质中小企业服务机构，纳入全省中小企业服务资源库实施动态管理。现予以公布。　　附件：河北省第一批优质中小企业服务机构名单　　河北省工业和信息化厅　　2024年3月1日　　附件：　　河北省第一批优质中小企业服务机构名单　　（排名不分先后）　　序号单位名称　　1河北国维知识产权咨询有限公司　　2快乐沃克人力资源股份有限公司　　3河北兆功科技服务有限公司　　4石家庄协达科技股份有限公司　　5河北清旭科技服务有限公司　　6石家庄瑞诺网络科技有限公司　　7河北永琏信息科技有限公司　　8河北冀联人力资源服务集团有限公司　　9河北挚诚莱皓科技服务有限公司　　10石家庄金友商软件有限公司　　11河北翎贺计算机信息技术有限公司　　12河北鸿华工程项目管理有限公司　　13河北百展工程咨询有限公司　　14石家庄蝶云科技有限公司　　15国兴天择税务师事务所（河北）有限公司　　16石家庄市鸿企合创商务信息咨询有限公司　　17河北网新数字技术股份有限公司　　18河北国瑞信息技术有限公司　　19河北新世纪知识产权咨询服务有限公司　　20河北百汇广联科技服务有限公司　　21河北宗创科技有限公司　　22河北傲灿科技有限公司　　23石家庄国钺知识产权代理有限公司　　24河北奇白信息技术有限公司　　25中科国安河北信息技术有限公司　　26中融科创信息技术河北有限公司　　27河北鸿儒信息科技有限责任公司　　28河北光之翼信息技术股份有限公司　　29河北竞合科技服务有限公司　　30河北智德检验检测股份有限公司　　31河北建环能源科技有限公司　　32河北俊采环境检测技术有限公司　　33河北六点儿科技有限公司　　34张家口般若海科技服务有限公司　　35阳原县博达企业管理服务有限公司　　36涿鹿科技园孵化器有限公司　　37涿鹿县全民网络科技有限公司　　38张家口市宣化合众智力咨询有限公司　　39河北佳略企业管理咨询有限公司　　40秦皇岛金联科技开发有限公司　　41秦皇岛恒诚科技有限公司　　42神州云盾信息安全有限公司　　43唐山云时代科技服务有限公司　　44唐山百川智能机器股份有限公司　　45唐山云聚加速科技有限公司　　46唐山卓泓科技咨询服务有限公司　　47河北创客之家科技有限公司　　48唐山蓝石企业管理咨询有限公司　　49唐山创盈企业管理咨询有限公司　　50唐山斯图尔德合同能源管理有限公司　　51河北金卓颐高电子商务产业园有限公司　　52唐山银耐联电子商务有限公司　　53河北志晟信息技术股份有限公司　　54廊坊市云动网络技术有限公司　　55三河市正安检测检验有限公司　　56廊坊市云谷科技孵化器股份有限公司　　57河北盛世圆福项目管理集团有限公司　　58廊坊市盛世宏基房地产评估有限公司　　59兴远高科（三河）孵化器有限公司　　60河北百纳信达科技有限公司　　61保定市指南针市场调查传播咨询有限公司　　62河北北方知识产权代理有限公司　　63安国市天恩药材产品检测有限公司　　64河北农富企业管理有限公司　　65盛询科技集团有限公司　　66河北标证信息科技有限公司　　67保定开途信息咨询服务有限公司　　68保定市科亚知识产权服务有限公司　　69河北瑞春纺织科技有限公司　　70保定新秀数字科技产业有限公司　　71河北国瑞企业管理咨询有限公司　　72沧州市商汇企业咨询有限公司　　73河北新林坡孵化器股份有限公司　　74衡水宏宇软件信息工程有限公司　　75衡水浩源格局商学企业管理咨询有限公司　　76衡水华商知识产权事务有限公司　　77衡水誉国知识产权服务有限公司　　78国兴大众税务师事务所（衡水）有限公司　　79衡水创诚科技信息咨询有限公司　　80衡水飞天文化传播有限公司　　81河北安普检测技术服务有限公司　　82邢台市锦泽软件开发有限公司　　83邢台市盛龙连邦软件有限公司　　84邢台博创科技企业孵化有限公司　　85河北捷茂科技服务有限公司　　86邯郸市科创一站式科技服务有限公司　　87万钍集团有限公司　　88河北太阳兄弟知识产权代理有限公司　　89邯郸云计算中心有限公司　　90河北恒丰思创科技项目咨询有限公司　　91邯郸市金世达科技有限公司　　92邯郸奇迅电子科技有限公司　　93定州市朝晖创业辅导中心有限公司　　94雄安新区未来工业设计研究院　　95河北省电子信息技术研究院　　96河北省自动化研究所有限公司　　97河北诺亚人力资源发展集团有限公司　　98石家庄高科银创科技金融服务有限公司　　99承德中关村天合京津冀高新技术转化中心有限公司　　100河北国控北方硅谷科技有限公司　　101唐山动车城中小企业服务有限公司　　102联城科技（河北）股份有限公司　　103廊坊市生产力科技发展有限公司　　104廊坊市城乡规划设计院有限公司　　105廊坊永诚融资担保有限公司　　106三河燕郊新技术创业服务有限公司　　107保定中关村信息谷服务有限公司　　108保定华电天德科技园有限公司　　109信通院（河北）科技创新研究院有限公司　　110沧州市智慧城市建设发展有限公司　　111联通雄安产业互联网有限公司　　112雄安威赛博智能科技有限公司　　113雄安股权交易所股份有限公司　　114河北省产品质量监督检验研究院　　115张家口市中小企业服务中心　　116北京化工大学秦皇岛环渤海生物产业研究院　　117唐山学院　　118河北科技工程职业技术大学　　119北京大学邯郸创新研究院　　120邯郸职业技术学院　　121秦皇岛金色未来培训学校　　122河北省轴承产业技术研究院　　123邢台市众联工业设计创新中心　　124辛集市青年创业就业服务中心　　125河北省中小企业协会　　126河北省信息产业与信息化协会　　127保定市企业家协会　　128宁晋县电线电缆行业协会
",中小企业、民营经济发展政策,http://gxt.hebei.gov.cn/hbgyhxxht/zfxxgk/zc86/zxqymyjjfzzc27/index.html,http://gxt.hebei.gov.cn//hbgyhxxht/zfxxgk/fdzdgknr/ghjhzc/zxqymyjjfzzc/958669/index.html
河北省人民政府办公厅印发关于促进民营经济发展壮大若干措施的通知,2023-11-23,"
冀政办发〔2023〕7号各市（含定州、辛集市）人民政府，雄安新区管委会，省政府各部门：　　《关于促进民营经济发展壮大的若干措施》已经省政府同意，现印发给你们，请结合实际认真贯彻落实。　　河北省人民政府办公厅　　2023年11月10日　　关于促进民营经济发展壮大的若干措施　　为进一步优化民营经济发展环境，促进民营经济持续做大做优做强，根据《中共中央国务院关于促进民营经济发展壮大的意见》（中发〔2023〕15号），结合我省实际，提出如下措施。　　一、营造公平竞争的营商环境　　（一）放宽市场准入要求。所有行政审批中，凡没有法律法规依据的中介服务和技术性审查事项一律取消。定期排查、归集、通报违背市场准入负面清单制度的典型案例。完善市场准入效能评估指标体系，探索开展市场准入效能评估；推进市场准入效能评估信息化平台建设，建立市场准入壁垒投诉和处理回应机制。　　（二）维护公平竞争市场秩序。出台涉及市场主体经济活动的政策，必须经过公平竞争审查。开展民生领域反垄断执法专项行动，查处民营企业反映强烈的突出垄断问题。落实不当干预全国统一大市场建设行为防范事项清单，清理废除含有地方保护、市场分割、指定交易等妨碍统一市场和公平竞争的政策。政府采购公开招标项目全面实行“双盲”评审。　　（三）推进社会信用体系建设。加强政府部门（含机关和事业单位）失信信息、信用承诺及履约践诺信息归集。编制失信惩戒措施基础清单，依法依规开展实施失信惩戒。探索推进“信用河北”和“企业信用信息公示系统”同步修复机制，逐步实现信用修复“协同联动、一网通办”。开展涉党政机关执行案件专项清理行动，对未按时履约践诺事项定期督办。　　（四）支持市场化法治化重整。建立企业破产府院联动机制、简单破产案件快速审理机制和预重整制度、破产企业简易注销机制等。依法依规保障破产案件审理速度，提升破产审判质效。开展“极简办、智能办、马上办、满意办”新“四办”活动。落实歇业备案登记制度。　　二、优化民营企业要素保障机制　　（一）加大金融支持力度。强化各级融资服务平台涉企信息共享和节点对接，依托省金融服务平台构建民营企业融资便捷渠道，推广“信易贷”等服务模式，提高民营企业信用贷款比重。引导民营中小微企业发行短期融资券、中期票据、定向工具、科技创新公司债券、可转债等债务融资工具。建设“河北资本市场之家”，搭建企业上市培育辅导平台。做好区域性股权市场与全国性证券市场建立转板合作衔接工作。对挂牌上市的民营企业按照相关规定给予奖补。　　（二）解决拖欠账款问题。建立省、市、县三级联动机制。加强对机关、事业单位、国有企业拖欠中小微企业账款情况的审计监督。强化商业汇票信息披露，动态监测行政区域内企业商业汇票信息披露情况。探索建立因政策变化、规划调整等导致债务融资、招投标、招商引资等领域合同约定难以履行的补偿救济机制。　　（三）完善人才流动机制和权益保障。发布民营企业急需紧缺人才目录，开展多层次引才活动。民营企业参与省级科技计划“揭榜挂帅”项目的核心骨干，优先支持申报省级重点人才工程。优化流动人员人事档案公共服务，基于“河北人社一体化平台”实现档案接收、转递、开具证明“一站式服务”“跨省通办”和“全程网办”。督促新就业形态就业人员参加社会保险；借鉴新就业形态就业人员职业伤害保障试点省成功经验，研究制定实施方案；推广普及书面劳动合同，指导企业依法合规用工。　　（四）强化产业工人队伍培育。打破户籍、身份、档案等制约，非公有制企业专业技术人才首次申报职称评审时，满足相应条件的可直接申报评审相应级别职称。对接高端装备制造、智能制造等重点产业集群，培育建设一批市域产教联合体、行业产教融合共同体、县域经济产教聚合体。引导企业制定技术工人培养规划和培训制度；构建职工职业技能竞赛体系，开展劳动和技能竞赛；建设工匠学院培养复合型技术技能人才。　　（五）建立政策沟通和直达快享机制。涉企政策调整时，依法依规履行相关程序，设置合理过渡期。政策出台后直接面向民营企业和个体工商户进行发布和解读。支持各级政府部门在制定涉企政策、规划、标准和开展评估等方面，向优秀企业家开展咨询，发挥企业家作用。推动涉企资金直达快享，对明确到具体项目的省级涉企资金，3日内下达市县。建立支持政策“免申即享”机制，推广告知承诺制，能够通过政务数据共享应用平台提取的材料，有关部门不再要求重复提供。　　三、营造公正规范的法治环境　　（一）依法保护民营企业和企业家权益。严格审核日常办案依法适用措施，对涉案财物采取措施后及时审查。对不宜查封扣押冻结的经营性涉案财物，在保证侦查活动正常进行的同时，可以允许有关当事人继续合理使用，并采取必要保值保管措施。依托12309检察服务中心，畅通问题线索反映渠道。强化立案监督，开展行政检察护航法治化营商环境专项活动。强化审判监督，畅通申诉渠道，对涉及企业产权纠纷及民营企业和投资人违法犯罪的申诉案件，依法及时甄别办理。　　（二）推动民营企业合规改革。依法严厉惩治滥用职权、徇私枉法、索贿受贿等侵犯企业家合法权益的职务犯罪。加大对民营企业工作人员职务侵占、挪用资金、受贿、行贿等行为的惩处力度。严格落实公安机关涉案财物管理规定。深化涉案企业合规改革，推动刑事诉讼全流程适用。加强刑事司法与行政执法、行业监管的有效衔接，助力企业建章立制。完善涉案企业合规第三方监督评估机制，推进企业合规经营。组建公安机关公职律师企业服务队开展政策宣传、专项培训。开展“法律三进”“法治体检”“千所联千会”等活动。组建以党员为骨干的“三师”助企服务团，为中小企业提供法律、会计、税务等公益志愿服务。　　（三）加大知识产权保护力度。严格实施《河北省知识产权保护和促进条例》，治理“恶意申请商标注册”行为。强化知识产权行政保护和司法保护协作。严厉打击侵犯企业商标权、专利权、著作权、商业秘密等违法犯罪。持续开展“昆仑行动”，强化行刑衔接。依托海外知识产权纠纷应对指导机构开展应对指导与服务。协助“走出去”企业与外国驻华使馆及我驻外使领馆沟通联系，维护企业海外知识产权权益。　　（四）严格规范行政执法行为。改进行政执法方式，规范行政执法行为。建立健全行政裁量权基准制度，将不予处罚情形纳入行政裁量基准范围，并对行政裁量基准进行动态调整。　　（五）严控涉企收费行为。持续完善涉企收费清单制度并常态化公示，未纳入清单的一律不得再作为行政审批的受理条件。建立问题线索部门共享转办机制，综合采取市场监管、行业监管、信用监管等手段实施联合惩戒，公开曝光违规收费典型案例。　　四、支持民营企业做大做强　　（一）引导建立现代企业制度。指导帮助企业推进股份制改造，完善法人治理结构，规范经营行为，建立健全现代企业制度。支持民营企业加强风险防范管理，建立覆盖企业战略、规划、投融资等各领域的全面风险管理体系。　　（二）增强科技创新能力。鼓励民营企业牵头承担新兴产业领域关键核心技术攻关。支持民营企业牵头组建创新联合体，促进大中小企业和科研院所、高等学校等协同创新和融通创新。大力培育民营科技领军企业、“领跑者”企业、“专精特新”企业。推动企业整合资源做大做优做强，打造一批在国内外有较强竞争力的特色产业集群。完善高等学校、科研院所管理制度和成果转化机制，支持民营企业与科研机构合作建立创新平台。鼓励民营企业作为科研项目承担主体，加强基础性前沿性研究和成果转化。　　（三）加快智转数改提升质量效益。引导民营企业参与数据中心、工业互联网等新型基础设施投资建设和应用创新，支持中小企业数字化转型。引导民营企业导入先进质量管理模式，应用大数据、人工智能分析控制质量风险；主持或参与国际、国家、行业标准制修订；承担国家级、省级标准化示范试点项目。支持民营企业加大绿色低碳改造力度，加快发展柔性制造，提升应急扩产转产能力，提升产业链韧性。　　（四）支持拓展国际市场。支持民营企业积极向核心零部件和高端制成品设计研发等方向延伸。鼓励民营企业拓展海外业务，建立海外生产基地，参与境外项目。开展外贸企业合规性培训，督促企业做好相关风险排查，指导防范应对各类海外风险挑战。加强海外安全风险预警提示，指导企业制定完善海外安全应急预案。　　（五）鼓励参与国家重大项目。鼓励民营企业扩大吸纳就业、完善工资分配制度。支持民营企业参与中西部、东北地区、边疆地区投资和发展。严格实施《河北省新能源发展促进条例》，鼓励支持民营企业参与推进碳达峰碳中和，参与碳排放权、用能权交易，不断扩大在可再生能源领域的投资规模。支持和引导民营企业参与乡村振兴、新型城镇化、交通水利等重大工程和补短板领域建设。　　（六）引导民营资本健康发展。严格执行国家设立的资本“红绿灯”，优选推广一批“绿灯”投资案例，提高资本监管能力，全面提升资本治理效能。推动平台企业在创造就业、拓展消费及国际竞争等方面规范健康持续发展。每年发布河北省民营企业100强榜单。　　五、促进民营经济人士健康成长　　（一）加强企业家队伍建设。优化队伍结构，落实民营经济代表人士综合评价制度。支持民营经济代表人士在各级各类经济活动和经济组织中发挥更大作用。完善民营和中小微企业培训制度。建立民营经济代表人士数据库，引导民营企业家增强爱国情怀，勇于创新、诚信守法，承担社会责任、拓展国际视野。建立健全传帮带辅导制度，推动事业新老交接和有序传承。　　（二）构建亲清政商关系。制定亲清政商关系正面、负面行为清单，明确党政干部和民营企业家交往规则。鼓励各级领导干部主动作为、靠前服务，依法依规为民营企业和民营企业家解难题、办实事。指导各地开展形式多样的政企沟通协商。每两年以省政府名义开展百家优秀民营企业和百名优秀民营企业家评选表彰活动。　　六、营造良好社会氛围　　（一）加大优秀企业和企业家宣传力度。加强对优秀民营企业家先进事迹的宣传，营造鼓励创新、宽容失败的舆论氛围。省互联网违法和不良信息举报网开设“优化营商网络环境”举报专区，畅通涉企业网络侵权受理处置“快速通道”。　　（二）引导民营企业承担社会责任。组织认定河北省民营企业社会责任100强，深化“万企兴万村”行动，引导民营企业和民营企业家自觉担负促进共同富裕的社会责任。引导民营企业贯彻落实劳动保障法律法规，完善劳动关系协商协调机制、健全劳动者权益保障制度，促进企业和谐文化建设。　　七、完善工作机制　　（一）严格控制入企检查活动。省民营经济发展专责机构要压实各相关单位责任，加强协同联动。各级各部门开展入企检查，原则上集中安排，并告知被检查企业所在县（市、区）民营经济发展专责机构。同一企业、同一事项，原则上不得重复和多头检查。　　（二）狠抓政策落实。制定的民营经济发展政策措施（非公开的除外），按照“谁起草、谁解读”原则，做好政策解读并广泛宣传，政策出台30日内报送省级和本级民营经济发展专责机构。对政策落地落实和行政监管入企检查等情况，面向运行监测企业和“领跑者”企业开展落实末端随机抽查，并通报抽查结果。建立健全民营经济投诉维权平台，完善投诉举报保密制度、处理程序和督办考核机制。　　（三）开展政策评估。配合做好涉民营经济政策专项评估审查，协助完善中国营商环境评价体系，健全政策实施效果第三方评价机制。加强民营经济统计监测评估和统计数据共享，总结推广各地好经验好做法。政策解读：《关于促进民营经济发展壮大的若干措施》文字解读图解|河北出台27条措施促进民营经济发展持续做大做优做强
",中小企业、民营经济发展政策,http://gxt.hebei.gov.cn/hbgyhxxht/zfxxgk/zc86/zxqymyjjfzzc27/index.html,http://gxt.hebei.gov.cn//hbgyhxxht/zfxxgk/fdzdgknr/ghjhzc/zxqymyjjfzzc/946516/index.html
河北省优质中小企业梯度培育管理实施细则,2022-09-29,"
　　冀工信企业函〔2022〕611号　　河北省工业和信息化厅　　关于印发《河北省优质中小企业梯度培育管理实施细则》的通知各市（含定州、辛集市）工业和信息化局、雄安新区改革发展局：　　为进一步加强河北省优质中小企业梯度培育工作，推动中小企业走专精特新之路，实现高质量发展，省工业和信息化厅研究制定了《河北省优质中小企业梯度培育管理实施细则》，现印发给你们，请认真遵照执行。　　附件：河北省优质中小企业梯度培育管理实施细则　　　　河北省工业和信息化厅　　2022年9月28日　　　　附件河北省优质中小企业梯度培育管理实施细则　　　　第一章 总则　　　　第一条为规范我省优质中小企业梯度培育管理工作，进一步提升中小企业创新能力和专业化水平，促进中小企业高质量发展，根据工业和信息化部《优质中小企业梯度培育管理暂行办法》(以下简称《办法》)，结合我省工作实际，制定本细则。　　第二条优质中小企业是指在产品、技术、管理、模式等方面创新能力强、专注细分市场、成长性好的中小企业，由创新型中小企业、专精特新中小企业和专精特新“小巨人”企业三个层次组成。　　创新型中小企业具有较高专业化水平、较强创新能力和发展潜力，是优质中小企业的基础力量；专精特新中小企业实现专业化、精细化、特色化发展，创新能力强、质量效益好，是优质中小企业的中坚力量；专精特新“小巨人”企业位于产业基础核心领域、产业链关键环节，创新能力突出、掌握核心技术、细分市场占有率高、质量效益好，是优质中小企业的核心力量。　　第三条 参评河北省优质中小企业应在河北省内工商注册登记、具有独立法人资格，符合《中小企业划型标准规定》，企业未被列入经营异常名录或严重失信主体名单，提供的产品（服务）不属于国家禁止、限制或淘汰类，同时近三年未发生过重大安全（含网络安全、数据安全）、质量、环境污染等事故以及偷漏税等违法违规行为。　　第四条河北省优质中小企业梯度培育工作，坚持完整、准确、全面贯彻新发展理念，坚持专精特新发展方向，坚持分层分类分级指导，坚持动态管理和精准服务。　　第五条河北省工业和信息化厅（以下简称省工信厅）负责河北省优质中小企业梯度培育管理工作的统筹协调和监督检查，组织开展河北省创新型中小企业评价、河北省专精特新中小企业认定、专精特新“小巨人”企业推荐工作。各市（含定州、辛集市）、雄安新区中小企业主管部门（以下简称各地市中小企业主管部门）负责本地区企业的组织申报、初审推荐和培育服务等工作。　　其他机构不得开展与创新型中小企业、专精特新中小企业、专精特新“小巨人”企业有关的评价、认定、授牌等活动。　　第六条省工信厅强化河北省优质中小企业动态管理，建立“有进有出”的动态管理机制。各地市中小企业主管部门加强本地优质中小企业梯度培育工作，加强服务对接和监测分析，对企业运行、发展态势、意见诉求，以及扶持政策与培育成效等开展定期和不定期跟踪，有针对性地制定支持政策，开展精准服务。　　　　第二章 评价和认定　　　　第七条河北省优质中小企业评价和认定工作坚持企业自愿、政策引领、培育促进、公开透明的原则，按照“谁推荐、谁把关，谁审核、谁管理”的工作原则，统筹开展、有序推进。　　第八条依据工业和信息化部《办法》，结合我省产业现状和中小企业发展实际，省工信厅制定专精特新中小企业认定的特色化指标，其他评价和认定标准，遵照国家《办法》执行。　　第九条河北省创新型中小企业评价、专精特新“小巨人”企业推荐和认定，按照国家《办法》规定，由企业登录工业和信息化部优质中小企业梯度培育平台（https://zjtx.miit.gov.cn/）自评或申请。　　依托河北工业企业服务平台（http://gxt.hebei.gov.cn/main/），省工信厅建立河北省专精特新中小企业培育管理系统，对专精特新中小企业申报和认定进行审核管理；每批次通过认定企业的信息将由河北工业企业服务平台统一导入工业和信息化部优质中小企业梯度培育平台。　　第十条河北省创新型中小企业评价，实施常态化申报，定期开展评价。由企业按属地原则，自愿登录工业和信息化部优质中小企业梯度培育平台参与自评，各地市中小企业主管部门对企业自评信息和相关佐证材料进行初审，将合格企业向省工信厅正式推荐。每季度，省工信厅适时组织资格审核、实地抽查，分批次对通过审核的企业公示5个工作日，公示无异议的，由省工信厅公告为河北省创新型中小企业。　　第十一条河北省专精特新中小企业认定，实施常态化申报，每半年认定一次。经公告的河北省创新型中小企业按属地原则，自愿登录河北工业企业服务平台提出申请，各地市中小企业主管部门对企业申请材料和相关佐证材料初审，将合格企业向省工信厅正式推荐。省工信厅适时组织专家审核、实地抽查，对通过审核的企业公示5个工作日，公示无异议的，由省工信厅公告认定为河北省专精特新中小企业。　　第十二条专精特新“小巨人”企业推荐和认定，原则上每年第二季度开展，河北省专精特新中小企业按属地原则，自愿登录工业和信息化部优质中小企业梯度培育平台提出申请，由各地市中小企业主管部门根据认定标准向省工信厅正式推荐。省工信厅组织专家评审和实地抽查，并向工业和信息化部推荐。工业和信息化部组织专精特新“小巨人”企业的认定。　　　　第三章 动态管理　　　　第十三条经公告的河北省创新型中小企业有效期为三年，每次到期后由企业重新登录工业和信息化部优质中小企业梯度培育平台进行自评，经省工信厅审核（含实地抽查）通过后的，有效期延长三年。经认定的河北省专精特新中小企业有效期为三年，每次到期后由省工信厅组织复核（含实地抽查），复核通过的有效期延长三年。专精特新“小巨人”企业有效期为三年，每次到期后按工业和信息化部工作通知要求组织复核，复核通过的，有效期延长三年。　　第十四条有效期内的省内创新型中小企业、专精特新中小企业和专精特新“小巨人”企业，应在每年4月30日前通过工业和信息化部优质中小企业梯度培育平台更新企业信息，并对信息的真实性和准确性负责；专精特新中小企业更新的信息由河北工业企业服务平台从工业和信息化部优质中小企业梯度培育平台导入河北省专精特新中小企业培育管理系统备案管理。未及时更新企业信息的，取消复核资格。　　第十五条有效期内的省内创新型中小企业、专精特新中小企业和专精特新“小巨人”企业，如发生更名、合并、重组、迁移、设立境外分支机构等与评价认定条件有关的重大变化，应在发生变化后的3个月内登录工业和信息化部培育平台，填写重大变化情况报告表。经省工信厅审核，继续符合创新型中小企业和专精特新中小企业评价和认定标准的，其称号及有效期不变；不再符合评价或认定标准的，省工信厅核实后取消公告或认定；不再符合认定标准的专精特新“小巨人”企业，由省工信厅核实后报工业和信息化部，由工业和信息化部取消认定。对于未在3个月内报告重大变化情况的，取消复核资格，或直接取消公告或认定。　　第十六条有效期内的省内创新型中小企业、专精特新中小企业和专精特新“小巨人”企业，如发生重大安全（含网络安全、数据安全）、质量、环境污染等事故，或严重失信、偷漏税等违法违规行为，或被发现存在数据造假等情形，取消公告或认定，且至少三年内不得再次申报。　　第十七条任何组织和个人可对省内创新型中小企业、专精特新中小企业和专精特新“小巨人”企业相关信息的真实性、准确性等问题，向省工信厅实名举报，并提供佐证材料和联系方式。对受理的举报内容，由企业所在地中小企业主管部门及时向被举报企业核实，被举报企业未按要求回复或经核实确认该企业存在弄虚作假行为的，视情节轻重进行整改，或直接取消公告或认定。　　　　第四章 培育扶持　　　　第十八条发挥我省各级民营经济领导小组办公室作用，构建横向协同、纵向联动的工作机制，注重政策叠加，形成工作合力，推动财税、金融、技术、产业、人才、用地、用能等支持政策落地，提高政策精准性和有效性；推荐专精特新中小企业、专精特新“小巨人”企业申报省级以上各类科技创新支持项目。鼓励各地在本级财政预算中安排专项资金重点支持优质中小企业专精特新发展。　　第十九条经确定的我省优质中小企业，省工信厅发挥河北工业企业服务平台作用，整合优质资源，创新服务方式，为企业提供全周期、全方位、多层次的服务；协调推动退税减税、融资担保、稳岗就业、信贷投放、投资项目、用地用能、环保白名单、产学研合作和节能绿色发展等政策惠企；鼓励大型企业将优质中小企业纳入产业链、供应链体系，促进大中小企业融通创新；鼓励金融机构打造专属信贷产品，开展企业股权融资对接活动，支持符合条件的企业在资本市场上市融资；推荐企业参加中博会、数博会、APEC会议等展会，开拓国内外市场。　　第二十条各地市中小企业主管部门应针对本地区不同发展阶段、不同类型中小企业的特点和需求，开展优质中小企业梯度培育工作，制定分层分类的专项扶持政策，加大服务力度，维护企业合法权益，不断优化中小企业发展环境，通过普惠服务与精准服务相结合，着力提升服务的广度、深度、精准度和响应速度，增强企业获得感，激发涌现出更多的专精特新中小企业。　　第二十一条各地市中小企业主管部门和各类中小企业服务机构应加强指导和服务，促进中小企业提升公司治理、精细管理和合规管理水平，防范各类风险，推动持续健康发展，切实发挥其示范作用。在评价、认定和服务过程中应注重对企业商业秘密的保护，在宣传报道、考察交流等方面应征得企业同意。　　　　第五章 附则　　　　第二十二条原有效期内河北省专精特新中小企业和专精特新“小巨人”企业，继续有效。到期后自动失效，复核时按本细则执行。　　第二十三条本细则自2022年10月1日起实施，由省工信厅负责解释。　　　　附件：1.河北省创新型中小企业评价标准　　2.河北省专精特新中小企业认定标准　　3.专精特新“小巨人”企业认定标准　　4.部分指标和要求说明　　　　附件1河北省创新型中小企业评价标准　　　　一、公告条件　　评价得分达到60分以上(其中创新能力指标得分不低于20分、成长性指标及专业化指标得分均不低于15分)，或满足下列条件之一：　　（一）近三年内获得过国家级、省级科技奖励。　　（二）获得高新技术企业、国家级技术创新示范企业、知识产权优势企业和知识产权示范企业等荣誉（均为有效期内）。　　（三）拥有经认定的省部级以上研发机构。　　（四）近三年新增股权融资总额（合格机构投资者的实缴额）500万元以上。　　二、评价指标　　包括创新能力、成长性、专业化三类六个指标，评价结果依分值计算，满分为100分。　　（一）创新能力指标（满分40分）　　1.与企业主导产品相关的有效知识产权数量（满分20分）　　A.Ⅰ类高价值知识产权1项以上（20分）　　B.自主研发的Ⅰ类知识产权1项以上（15分）　　C.Ⅰ类知识产权1项以上（10分）　　D.Ⅱ类知识产权1项以上（5分）　　E.无（0分）　　2.上年度研发费用总额占营业收入总额比重（满分20分）　　A.5%以上（20分）　　B.3%-5%（15分）　　C.2%-3%（10分）　　D.1%-2%（5分）　　E.1%以下（0分）　　（二）成长性指标（满分30分）　　3.上年度主营业务收入增长率（满分20分）　　A.15%以上（20分）　　B.10%-15%（15分）　　C.5%-10%（10分）　　D.0%-5%（5分）　　E.0%以下（0分）　　4.上年度资产负债率（满分10分）　　A.55%以下（10分）　　B.55%-75%（5分）　　C.75%以上（0分）　　（三）专业化指标（满分30分）　　5.主导产品所属领域情况（满分10分）　　A.属于《战略性新兴产业分类》（10分）　　B.属于其他领域（5分）　　6.上年度主营业务收入总额占营业收入总额比重（满分20分）　　A.70%以上（20分）　　B.60%-70%（15分）　　C.55%-60%（10分）　　D.50%-55%（5分）　　E.50%以下（0分）　　　　附件2河北省专精特新中小企业认定标准　　　　一、认定条件　　同时满足以下四项条件即视为满足认定条件：　　（一）从事特定细分市场时间达到2年以上。　　（二）上年度研发费用总额不低于100万元，且占营业收入总额比重不低于3%。　　（三）上年度营业收入总额在1000万元以上，或上年度营业收入总额在1000万元以下，但近2年新增股权融资总额（合格机构投资者的实缴额）达2000万元以上。　　（四）评价得分达到60分以上或满足下列条件之一：　　1.近三年获得过省级科技奖励，并在获奖单位中排名前三；或获得国家级科技奖励，并在获奖单位中排名前五。　　2.近两年研发费用总额均值在1000万元以上。　　3.近两年新增股权融资总额（合格机构投资者的实缴额）6000万元以上。　　4.近三年进入“创客中国”中小企业创新创业大赛全国500强企业组名单。　　二、评价指标　　包括专业化、精细化、特色化和创新能力四类十四个指标，评价结果依分值计算，满分为100分。　　（一）专业化指标（满分25分）　　1.上年度主营业务收入总额占营业收入总额比重（满分5分）　　A.80%以上（5分）　　B.70%-80%（3分）　　C.60%-70%（1分）　　D.60%以下（0分）　　2.近2年主营业务收入平均增长率（满分10分）　　A.10%以上（10分）　　B.8%-10%（8分）　　C.6%-8%（6分）　　D.4%-6%（4分）　　E.0%-4%（2分）　　F.0%以下（0分）　　3.从事特定细分市场年限（满分5分）　　每满2年得1分，最高不超过5分。　　4.主导产品所属领域情况（满分5分）　　A.在产业链供应链关键环节及关键领域“补短板”“锻长板”“填空白”取得实际成效（5分）　　B.属于工业“六基”领域、中华老字号名录或企业主导产品服务关键产业链重点龙头企业（3分）　　C.不属于以上情况（0分）　　（二）精细化指标（满分25分）　　5.数字化水平（满分5分）　　A.三级以上（5分）　　B.二级（3分）　　C.一级（0分）　　6.质量管理水平（每满足一项加3分，最高不超过5分）　　A.获得省级以上质量奖荣誉　　B.建立质量管理体系，获得ISO9001等质量管理体系认证证书　　C.拥有自主品牌　　D.参与制修订标准　　7.上年度净利润率（满分10分）　　A.10%以上（10分）　　B.8%-10%（8分）　　C.6%-8%（6分）　　D.4%-6%（4分）　　E.2%-4%（2分）　　F.2%以下（0分）　　8.上年度资产负债率（满分5分）　　A.50%以下（5分）　　B.50%-60%（3分）　　C.60%-70%（1分）　　D.70%以上（0分）　　（三）特色化指标（满分15分）　　9.企业为产业链企业配套或带动产业链企业发展情况（满分6分）　　A.为3家（含）以上企业配套或带动3家（含）以上企业发展（6分）　　B.为2家企业配套或带动2家企业发展（4分）　　C.为1家企业配套或带动1家企业发展（2分）　　D.无配套或带动发展（0分）　　10.企业实施特色化经营情况（每满足一项加3分，最高不超过9分）　　A.坚持绿色发展，利用特色资源或技术进行研制生产，提供独具特色的优质产品或服务　　B.属于市级以上鼓励支持发展的主导产业、特色产业或相关领域　　C.与高等院校和科研院所开展产学研合作　　D.获得科技特派员服务支持　　E.企业或产品获得市级及以上技术创新、品牌、专利等认定　　F.近三年在地方经济发展贡献或企业家精神实践方面，获得至少一项荣誉称号　　G.企业有上市计划或完成股份制改造　　（四）创新能力指标（满分35分）　　11.与企业主导产品相关的有效知识产权数量（满分10分）　　A.Ⅰ类高价值知识产权1项以上（10分）　　B.自主研发Ⅰ类知识产权1项以上（8分）　　C.Ⅰ类知识产权1项以上（6分）　　D.Ⅱ类知识产权1项以上（2分）　　E.无（0分）　　12.上年度研发费用投入（满分10分）　　A.研发费用总额500万元以上或研发费用总额占营业收入总额比重在10%以上（10分）　　B.研发费用总额400-500万元或研发费用总额占营业收入总额比重在8%-10%（8分）　　C.研发费用总额300-400万元或研发费用总额占营业收入总额比重在6%-8%（6分）　　D.研发费用总额200-300万元或研发费用总额占营业收入总额比重在4%-6%（4分）　　E.研发费用总额100-200万元或研发费用总额占营业收入总额比重在3%-4%（2分）　　F.不属于以上情况（0分）　　13.上年度研发人员占比（满分5分）　　A.20%以上（5分）　　B.10%-20%（3分）　　C.5%-10%（1分）　　D.5%以下（0分）　　14.建立研发机构级别（满分10分）　　A.国家级（10分）　　B.省级（8分）　　C.市级（4分）　　D.市级以下（2分）　　E.未建立研发机构（0分）　　附件3专精特新“小巨人”企业认定标准　　　　专精特新“小巨人”企业认定需同时满足专、精、特、新、链、品六个方面指标。　　一、专业化指标　　坚持专业化发展道路，长期专注并深耕于产业链某一环节或某一产品。截至上年末，企业从事特定细分市场时间达到3年以上，主营业务收入总额占营业收入总额比重不低于70%，近2年主营业务收入平均增长率不低于5%。　　二、精细化指标　　重视并实施长期发展战略，公司治理规范、信誉良好、社会责任感强，生产技术、工艺及产品质量性能国内领先，注重数字化、绿色化发展，在研发设计、生产制造、供应链管理等环节，至少1项核心业务采用信息系统支撑。取得相关管理体系认证，或产品通过发达国家和地区产品认证（国际标准协会行业认证）。截至上年末，企业资产负债率不高于70%。　　三、特色化指标　　技术和产品有自身独特优势，主导产品在全国细分市场占有率达到10%以上，且享有较高知名度和影响力。拥有直接面向市场并具有竞争优势的自主品牌。　　四、创新能力指标　　满足一般性条件或创新直通条件。　　（一）一般性条件。需同时满足以下三项：　　1.上年度营业收入总额在1亿元以上的企业，近2年研发费用总额占营业收入总额比重均不低于3%；上年度营业收入总额在5000万元-1亿元的企业，近2年研发费用总额占营业收入总额比重均不低于6%；上年度营业收入总额在5000万元以下的企业，同时满足近2年新增股权融资总额（合格机构投资者的实缴额）8000万元以上，且研发费用总额3000万元以上、研发人员占企业职工总数比重50%以上。　　2.自建或与高等院校、科研机构联合建立研发机构，设立技术研究院、企业技术中心、企业工程中心、院士专家工作站、博士后工作站等。　　3.拥有2项以上与主导产品相关的Ⅰ类知识产权，且实际应用并已产生经济效益。　　（二）创新直通条件。满足以下一项即可：　　1.近三年获得国家级科技奖励，并在获奖单位中排名前三。　　2.近三年进入“创客中国”中小企业创新创业大赛全国50强企业组名单。　　五、产业链配套指标　　位于产业链关键环节，围绕重点产业链实现关键基础技术和产品的产业化应用，发挥“补短板”“锻长板”“填空白”等重要作用。　　六、主导产品所属领域指标　　主导产品原则上属于以下重点领域：从事细分产品市场属于制造业核心基础零部件、元器件、关键软件、先进基础工艺、关键基础材料和产业技术基础；或符合制造强国战略十大重点产业领域；或属于网络强国建设的信息基础设施、关键核心技术、网络安全、数据安全领域等产品。　　　　附件4部分指标和要求说明　　　　（一）指标中如对期限无特殊说明，一般使用企业近1年的年度数据，具体定义为：指企业上一完整会计年度，以企业上一年度审计报告期末数为准。对于存在子公司或母公司的企业，按财政部印发的《企业会计准则》有关规定执行。　　（二）所称拥有自主品牌是指主营业务产品或服务具有自主知识产权，且符合下列条件之一：　　1.产品或服务品牌已经国家知识产权局商标局正式注册。　　2.产品或服务已经实现收入。　　（三）所称“Ⅰ类知识产权”包括发明专利（含国防专利）、植物新品种、国家级农作物品种、国家新药、国家一级中药保护品种、集成电路布图设计专有权（均不包含转让未满1年的知识产权）。　　（四）所称“Ⅰ类高价值知识产权”须符合以下条件之一：　　1.在海外有同族专利权的发明专利或在海外取得收入的其他Ⅰ类知识产权，其中专利限G20成员、新加坡以及欧洲专利局经实质审查后获得授权的发明专利。　　2.维持年限超过10年的Ⅰ类知识产权。　　3.实现较高质押融资金额的Ⅰ类知识产权。　　4.获得国家科学技术奖或中国专利奖的Ⅰ类知识产权。　　（五）所称“Ⅱ类知识产权”包括与主导产品相关的软件著作权（不含商标）、授权后维持超过2年的实用新型专利或外观设计专利（均不包含转让未满1年的知识产权）。　　（六）所称“企业数字化转型水平”是指在优质中小企业梯度培育平台完成数字化水平免费自测，具体自测网址、相关标准等事宜，另行明确。　　（七）所称“重大安全（含网络安全、数据安全）、质量、环境污染等事故”是指产品安全、生产安全、工程质量安全、环境保护、网络安全等各级监管部门，依据《中华人民共和国安全生产法》《中华人民共和国环境保护法》《生产安全事故报告和调查处理条例》《中华人民共和国网络安全法》《中华人民共和国数据安全法》等法律法规，最高人民法院、最高人民检察院司法解释，部门规章以及地方法规等出具的判定意见。　　（八）所称“股权融资”是指公司股东稀释部分公司股权给投资人，以增资扩股（出让股权不超过30%）的方式引进新的股东，从而取得公司融资的方式。　　（九）所称“合格机构投资者”是指符合《创业投资企业管理暂行办法》（发展改革委等10部门令第39号）或者《私募投资基金监督管理暂行办法》（证监会令第105号）相关规定，按照上述规定完成备案且规范运作的创业投资基金及私募股权投资基金。　　（十）所称“主导产品”是指企业核心技术在产品中发挥重要作用，且产品收入之和占企业同期营业收入比重超过50%。　　（十一）所称“主导产品在全国细分市场占有率达10%以上，且享有较高知名度和影响力”可通过企业自证或其他方式佐证。　　（十二）所称“省级科技奖励”包括各省、自治区、直辖市科学技术奖的一、二、三等奖；“国家级科技奖励”包括国家科学技术进步奖、国家自然科学奖、国家技术发明奖，以及国防科技奖。　　（十三）如无特殊说明，所称“以上”、“以下”，包括本数；所称的“超过”，不包括本数。在计算评价指标得分时，如指标值位于两个评分区间边界上，按高分计算得分。　　（十四）本办法部分指标计算公式　　近2年主营业务收入平均增长率=（企业上一年度主营业务收入增长率+企业上上年度主营业务收入增长率）/2。　　企业上一年度主营业务收入增长率=（企业上一年度主营业务收入总额-企业上上年度主营业务收入总额）/企业上上年度主营业务收入总额*100%。其他年度主营业务收入增长率计算方法以此类推。　　（十五）所称“被列入经营异常名录”以国家企业信用信息公示系统（http://www.gsxt.gov.cn）查询结果为准；所称“严重失信主体名单”以信用中国（http://www.creditchina.gov.cn）查询结果为准。　　（十六）所称“创客中国”中小企业创新创业大赛全国500强、50强企业组名单是指该大赛2021年以来正式发布的名单。
",中小企业、民营经济发展政策,http://gxt.hebei.gov.cn/hbgyhxxht/zfxxgk/zc86/zxqymyjjfzzc27/index.html,http://gxt.hebei.gov.cn//hbgyhxxht/zfxxgk/fdzdgknr/ghjhzc/zxqymyjjfzzc/916402/index.html
河北省中小企业促进条例,2022-08-19,"
河北省第十三届人民代表大会常务委员会公告（第一二六号）　　《河北省中小企业促进条例》已由河北省第十三届人民代表大会常务委员会第三十二次会议于2022年7月28日修订通过，现予公布，自2022年10月1日起施行。　　2022年7月28日河北省中小企业促进条例　　（2007年5月24日河北省第十届人民代表大会常务委员会第二十八次会议通过　根据2021年9月29日河北省第十三届人民代表大会常务委员会第二十五次会议《关于修改〈河北省技术市场条例〉等十四部法规的决定》修正2022年7月28日河北省第十三届人民代表大会常务委员会第三十二次会议修订）目录第一章总　　则第二章创业扶持第三章创新推动第四章资金支持第五章市场开拓第六章服务保障第七章权益保护第八章附　　则第一章总则　　第一条为了优化中小企业经营环境，保障中小企业公平参与市场竞争，维护中小企业合法权益，支持中小企业创业创新，促进中小企业高质量发展，扩大城乡就业，发挥中小企业在国民经济和社会发展中的重要作用，根据《中华人民共和国中小企业促进法》等法律、行政法规，结合本省实际，制定本条例。　　第二条本条例适用于本省行政区域内促进中小企业发展的活动。　　本条例所称中小企业，是指在本省行政区域内依法设立的，符合国家中小企业划分标准的中型企业、小型企业和微型企业。　　第三条本省将促进中小企业发展作为长期发展战略，坚持各类企业权利平等、机会平等、规则平等原则，对中小企业特别是其中的小型微型企业实行积极扶持、加强引导、完善服务、依法规范、保障权益的方针，为中小企业创立和发展营造良好环境。　　第四条省人民政府统筹全省中小企业促进工作。　　县级以上人民政府应当把促进中小企业发展纳入国民经济和社会发展规划，建立中小企业促进工作协调机制，依法制定促进中小企业发展的具体政策措施，协调解决中小企业发展中的重大问题。　　第五条省人民政府工业和信息化部门和设区的市、县（市、区）人民政府明确的中小企业促进工作综合管理部门（以下统称中小企业促进工作综合管理部门）组织实施促进中小企业发展的政策措施，对中小企业促进工作进行综合协调、服务指导和监督检查。　　县级以上人民政府发展改革、科技、人力资源社会保障、自然资源、生态环境、住房城乡建设、司法行政、财政、教育、市场监管、商务、行政审批、税务、地方金融监管等部门在各自职责范围内负责中小企业促进工作，制定并落实促进中小企业发展的具体措施，为中小企业发展提供指导和服务。　　第六条县级以上人民政府及其有关部门应当对中小企业发展实行分类指导，支持中小企业融入、服务国家战略，引导中小企业专业化、精细化、特色化、创新型发展，加快转型升级，提升中小企业在细分市场领域的竞争力，培育具有行业领先地位、拥有核心竞争力的企业。　　第七条省人民政府统计部门应当会同省人民政府工业和信息化等部门建立健全中小企业统计监测制度。　　县级以上人民政府统计部门应当加强对中小企业的统计调查和监测分析，定期发布有关信息。　　第八条县级以上人民政府及其有关部门应当推进中小企业信用制度建设，建立社会化的信用信息征集与评价体系，支持信用优质企业在经济和社会活动中获取更多的便利和机会。依托公共信用信息平台、国家企业信用信息公示系统、中小企业融资综合信用服务平台等，实现中小企业信用信息查询、交流和共享的社会化、便利化。　　第九条中小企业的合法权益受法律保护，任何单位和个人不得侵犯。　　中小企业应当依法经营，遵守国家劳动用工、安全生产、职业卫生、社会保障、资源环境、质量标准、知识产权、财政税收等方面的法律、法规，遵循诚信原则，规范内部管理，提高经营管理水平；不得损害劳动者合法权益，不得损害社会公共利益。　　第十条省人民政府有关部门应当加强与北京市、天津市有关部门合作对接，推进京津冀协同创新共同体建设，引进要素资源，加强中小企业促进领域的协同合作，推动建立统一的中小企业服务体系和市场环境。第二章创业扶持　　第十一条县级以上人民政府应当根据本地实际，制定和完善创业扶持政策，建立健全创业服务保障制度，支持创办各类中小企业。　　县级以上人民政府中小企业促进工作综合管理部门以及科技、生态环境、应急管理、财政、人力资源社会保障、市场监管、行政审批、税务、司法行政等有关部门应当通过政府网站、热线电话、媒体宣传、资料发放等形式加强创业指导，为创业人员免费提供登记注册、财税金融、环境保护、安全生产、劳动用工、社会保障、创业培训等方面的法律政策咨询和公共信息服务。　　县级以上人民政府应当支持创业园、创业创新示范基地、孵化基地、众创空间等各类载体，为创业人员提供指导服务和经营便利。　　鼓励高等学校、职业教育院校等对学生开展创业教育，开设创业教育课程，并进行创业指导。　　第十二条县级以上人民政府教育、人力资源社会保障、退役军人、税务等有关部门应当培育创业主体，鼓励和支持高等学校毕业生、退役军人、失业人员、残疾人员、返乡创业人员、归国和外籍人才等更多创业主体参与创业。对各类创业主体按照有关规定给予税费减免和补贴等优惠政策支持。　　第十三条鼓励高等学校、科研机构等事业单位科研人员携带科研项目和成果离岗创业，在本省行政区域内创办中小企业的，经原单位同意，可以在三年内保留人事关系。离岗创业期间，与原单位其他在岗人员在职称评聘、岗位等级晋升等方面享有同等的权利；离岗创业期间取得的科技开发或者转化成果，可以作为其职称评聘的依据。科研人员离岗创业期间经协商可以提前回原单位，并按照规定享受相应的政策待遇。　　第十四条县级以上人民政府应当依据国土空间规划和土地利用年度计划，根据中小企业创业创新和生产经营需要，依法合理安排中小企业发展用地，支持小型微型企业创业创新示范基地、孵化基地等各类载体规划建设和改造升级，统筹安排建设用地以及公共配套设施用地。　　鼓励当地人民政府按照尊重历史、实事求是的原则，依法解决中小企业占用土地等遗留问题。　　第十五条县级以上人民政府及其有关部门可以通过弹性年期出让、先租后让、租让结合、长期租赁等多种方式向中小企业供应土地，允许中小企业在国家规定期限内按照合同约定分期缴纳土地出让价款。对于用地需求面积较大或者分期建设的中小企业工业用地，允许按照一次规划、分期供地的要求，预留发展用地。　　第十六条县级以上人民政府可以通过规模引导、布局优化、标准控制、市场配置、盘活利用等手段，积极推进中小企业节约集约利用土地，按照有关规定适当提高中小企业厂房的容积率，提高土地利用率。　　第十七条农村集体经济组织在符合规划和用途管制的前提下,可以依法使用农村集体经营性建设用地创办中小企业，也可以依法以土地使用权入股、联营等形式与其他单位或者个人共同创办中小企业。　　第十八条鼓励高等学校、科研机构、投融资机构和企业投资建设创业园、小型微型企业创业创新示范基地、孵化基地、众创空间等，为小型微型企业提供生产经营场地和服务。　　第十九条本省按照国家有关规定，推行证明事项和涉企经营许可事项告知承诺制，方便中小企业办事创业。　　县级以上人民政府市场监管、行政审批部门应当按照国家有关规定，创新中小企业商事服务和管理办法。优化行政许可程序，实现便捷登记，依照国家和本省规定放宽市场主体住所(经营场所)登记条件；推进简易注销登记，实现商事服务便利化。第三章创新推动　　第二十条县级以上人民政府及其有关部门应当鼓励中小企业开展技术、产品、管理和商业模式等创新，引导中小企业向专精特新发展。　　鼓励和支持中小企业加大研发投入，参与重大科技项目攻关，中小企业开展研发活动中实际发生的研发费用，按照国家有关规定享受税前加计扣除政策。鼓励中小企业申请高新技术企业认定，享受有关优惠政策。　　支持中小企业采用新技术、新工艺、新设备、新材料进行技术改造。中小企业的固定资产由于技术进步等原因，确需加速折旧的，可以依法缩短折旧年限或者采取加速折旧方法。　　第二十一条县级以上人民政府及其有关部门应当鼓励和支持中小企业在研发设计、生产制造、运营管理、市场开拓等环节，应用物联网、工业互联网、云计算、大数据、人工智能、虚拟现实、区块链等新一代信息技术手段，通过智能化、绿色化、信息化改造，加快技术升级、装备更新和产品迭代，改进工艺流程，提高生产经营效率，促进数字化转型升级。　　县级以上人民政府中小企业促进工作综合管理部门应当制定发布中小企业数字化发展评价标准及评价模型、中小企业数字化转型指南，分行业制定数字化转型路线图，为中小企业提供数字化发展综合评价诊断服务。　　鼓励大型信息化服务商向中小企业开放平台入口、数据信息、计算能力等资源，帮助中小企业提高信息化应用能力和市场竞争力。　　第二十二条县级以上人民政府中小企业促进工作综合管理部门和市场监管等有关部门应当推广先进的质量管理方法，支持中小企业加强质量技术基础保障能力。中小企业办理质量管理体系认证、环境管理体系认证、测量管理体系认证和产品认证，市场监管等有关部门应当给予指导和支持。　　鼓励中小企业及中小企业有关行业组织参与国际标准、国家标准、行业标准、地方标准和团体标准的制定修订，开展相关标准的创新和应用。县级以上人民政府有关部门应当对主导制定修订各类标准的中小企业给予指导，按照规定给予资助。　　第二十三条县级以上人民政府及其有关部门应当结合当地实际，统筹产业集群区域布局，推动中小企业产业聚集和转型升级，依托龙头企业、科研机构、行业组织、产业联盟、咨询机构等主体建立产业集群促进组织，创新产业集群治理模式。　　县级以上人民政府及其有关部门应当推动大型企业与中小企业加强产业链、供应链、创新链、资金链合作，促进大中小企业融通发展；支持大型企业与产业链上下游中小企业组建创新联合体，开展产业链共性技术研发和核心技术攻关，提升产业链现代化水平，构建大型企业和中小企业协同创新、资源共享、融合发展的产业生态。　　第二十四条县级以上人民政府及其中小企业促进工作综合管理部门以及市场监管、科技、商务等有关部门应当支持中小企业研究开发拥有自主知识产权的技术和产品，并为其提供知识产权咨询辅导和专业培训，指导和帮助中小企业申请专利、注册商标、申报老字号等，规范内部知识产权管理，提升保护和运用知识产权的能力，依法落实减轻中小企业申请和维持知识产权费用等优惠政策。鼓励中小企业投保知识产权保险，防范知识产权风险。　　鼓励中小企业较为集中的区域打造区域品牌，申请地理标志产品，申请注册集体商标和证明商标。　　中小企业在知识产权方面取得突出成绩的，依照国家和本省有关规定给予表彰和奖励。　　第二十五条鼓励有条件的中小企业建立或者与高等学校、科研机构共同建立重点实验室、技术创新中心、工程研究中心、企业技术中心等研究开发机构，提高企业自主创新能力。　　鼓励高等学校、科研机构和大型企业等创造条件向中小企业开放试验设施，开展技术研发与合作，帮助中小企业开发新产品，培养专业人才。　　第二十六条县级以上人民政府有关部门应当拓宽渠道，采取补贴、培训等措施，引导高等学校毕业生到中小企业就业，帮助中小企业引进创新人才。　　鼓励高等学校、科研机构支持本单位的科技人员以兼职、挂职、参与项目合作等形式到中小企业从事产学研合作和科技成果转化活动，并按照国家有关规定取得相应报酬。第四章资金支持　　第二十七条县级以上人民政府应当根据实际情况，在本级财政预算中安排中小企业发展专项资金。中小企业发展专项资金应当向小型微型企业倾斜，资金管理使用应当坚持公开、透明的原则，实行预算绩效管理。中小企业发展专项资金通过资助、购买服务、奖励等方式，重点用于支持中小企业专业化、精细化、特色化、创新型发展，支持公共服务体系和融资服务体系建设。　　县级以上人民政府支持企业发展的其他相关专项资金，应当适当向符合条件的中小企业倾斜。　　县级以上人民政府可以设立支持中小企业发展的政府投资基金，引导和带动社会资金支持中小企业发展。　　第二十八条县级以上人民政府及其有关部门应当落实促进中小企业发展的相关税收优惠政策，公布涉及中小企业的政府性基金目录、政府定价的经营服务性收费目录、行政事业性收费目录等清单，明确收费标准，减轻中小企业税费负担。　　第二十九条鼓励金融机构调整信贷结构，创新信贷产品，改善融资服务，增加融资规模和比重，加大对小型微型企业的信贷支持，改善小型微型企业融资环境。　　鼓励有条件的县级以上人民政府设立中小企业信贷风险补偿资金，对提供中小企业融资服务的银行、担保、保险等金融机构给予贷款风险补偿。　　第三十条县级以上人民政府应当推进和支持普惠金融体系建设，引导银行业金融机构向县域和乡镇等小型微型企业金融服务薄弱地区延伸网点和业务，推动中小银行、非存款类放贷机构有序健康发展。　　鼓励和支持银行业金融机构创新信贷产品和服务，单列小型微型企业信贷计划，建立适合小型微型企业特点的授信制度和信贷流程，加大对小型微型企业的信贷支持力度。　　鼓励和支持财务公司、融资租赁公司、小额贷款公司、融资担保公司等非银行金融机构，为小型微型企业提供金融服务。引导风险投资等资本支持中小企业发展。　　第三十一条县级以上人民政府应当建立完善中小企业信用信息与融资对接平台、中小企业融资服务平台，为中小企业提供融资支持。　　鼓励金融机构根据中小企业纳税、缴费等信用信息给予便捷高效的信贷支持，运用金融科技手段加强风险评估与信贷决策支持，提高中小企业贷款审批效率。　　鼓励第三方征信、评级机构利用大数据资源和技术开展中小企业信用信息征集、评价或者评级、应用等服务。　　第三十二条县级以上人民政府及其有关部门应当支持有条件的中小企业到境内外多层次资本市场挂牌上市，通过发行股份、公司债券和资产证券化等多种方式直接融资。鼓励对中小企业上市挂牌、发债等产生的相关费用给予适当补助。　　第三十三条县级以上人民政府及其有关部门应当鼓励发展供应链金融，推动本地区供应链核心企业加入依法设立的应收账款融资服务平台，为上下游中小企业提供应收账款融资。支持金融机构依托供应链核心企业的信用和交易信息，为上下游中小企业提供无需抵押担保的订单、仓单、存货融资。　　支持金融机构开展无还本续贷业务，对流动资金贷款到期后仍有融资需求的中小企业，可以提前开展贷款调查与评审；符合国家规定的标准和条件的，依照相关程序办理续贷。　　第三十四条县级以上人民政府应当建立健全中小企业政府性融资担保体系，通过风险补偿、资本注入等多种方式，加大对政府性融资担保机构的扶持力度，为小型微型企业提供低成本、高效率担保服务。　　鼓励社会资本出资依法组建融资担保机构，扩大中小企业融资担保规模。社会出资的融资担保机构在与银行合作条件、再担保条件、风险补偿等方面享有与政府性融资担保机构同等的待遇。　　省级政府性融资再担保机构应当重点支持各类融资担保机构为符合条件的小型微型企业提供贷款担保，分散担保风险。　　第三十五条鼓励保险机构依法推广信用保险和贷款保证保险等业务，开发适应中小企业需求特点的保险产品，提高小型微型企业信用保险和贷款保证保险覆盖率。第五章市场开拓　　第三十六条县级以上人民政府及其有关部门应当严格落实全国统一的市场准入和市场监管制度，保护中小企业公平参与市场竞争的权利，不得对中小企业设定歧视性市场准入条件。　　第三十七条县级以上人民政府应当鼓励社会资金投资建立区域性商品交易中心、行业性产品购销中心、物流仓储中心和电子商务服务中心，为中小企业的产品交易提供服务。　　第三十八条县级以上人民政府及其有关部门应当定期组织开展大型企业和中小企业之间的项目、技术、供需等交流活动，建立以市场配置资源为基础的、稳定的原材料供应、生产、销售、服务外包、技术开发和技术改造等方面的协作关系，带动和促进中小企业发展。　　第三十九条县级以上人民政府有关部门在政府采购中，应当落实国家有关中小企业政府采购的相关优惠政策，向中小企业预留的采购份额应当占本部门年度政府采购项目预算总额的百分之三十以上；其中，预留给小型微型企业的比例不低于百分之六十。中小企业无法提供的商品和服务除外。鼓励大中型企业与小型微型企业组成联合体共同参加政府采购，按照有关规定给予联合体一定比例的价格扣除。　　政府采购不得在企业股权结构、经营年限、经营规模和财务指标等方面对中小企业实行差别待遇或者歧视待遇。　　政府采购部门应当在政府采购监督管理部门指定的媒体上及时向社会公开发布采购信息，为中小企业获得政府采购合同提供指导和服务。　　第四十条县级以上人民政府有关部门应当为中小企业搭建产品展示、交易、合作、交流的平台，支持中小企业参加各类国内、国际性展会，帮助中小企业建立供需对接渠道，提高市场开拓能力。　　第四十一条县级以上人民政府及其有关部门应当加强信息、物流等服务平台建设，鼓励中小企业利用各类电子商务平台，开展电商推广、直播带货等线上销售，扩大中小企业网络销售份额，降低营销成本。　　第四十二条县级以上人民政府有关部门应当支持第三方建立供应链综合服务平台，为中小企业提供采购、分销、商检、报关、退税、融资等综合服务。　　第四十三条县级以上人民政府商务、市场监管等有关部门应当在进出口经营资格、法律咨询、知识产权保护、技术性贸易措施、产品认证、原产地证明等方面，为中小企业提供指导和帮助，支持中小企业融入“一带一路”建设，开拓国际市场，参与国际工程承包与劳务合作，提高中小企业在国际市场的竞争力。第六章服务保障　　第四十四条县级以上人民政府及其有关部门应当坚持社会化、专业化、市场化的原则，建立和完善政府公共服务、市场化服务、社会化公益服务相结合的中小企业公共服务体系，促进服务标准化、精准化、特色化、便捷化。　　第四十五条县级以上人民政府应当根据实际需要建立和完善中小企业公共服务机构，为中小企业提供公益性服务。　　政府出资建立的中小企业服务机构向中小企业提供服务的，应当免收或者减收有关费用。　　支持社会力量建立中小企业服务机构，为中小企业生产经营提供服务。鼓励各类社会组织为中小企业提供公益性服务，探索建立志愿服务机制。服务机构为中小企业提供的各类优惠服务，可以按照规定享受政府补贴或者补助。　　第四十六条县级以上人民政府中小企业促进工作综合管理部门应当建立完善跨部门的政策信息互联网发布平台，及时汇集涉及中小企业的法律法规、创业、创新、金融、市场、权益保护等各类政府服务信息，为中小企业提供便捷无偿服务。　　县级以上人民政府科技、人力资源社会保障、生态环境、财政、市场监管、商务、行政审批、税务、地方金融监管等部门应当推行涉企优惠政策“免申即享”，通过信息共享等方式，实现符合条件的中小企业免予申报，直接享受政策。　　第四十七条县级以上人民政府及其有关部门应当鼓励和支持各类服务机构的发展，采取资助、购买服务、奖励等方式，支持各类服务机构为中小企业提供创业培训与辅导、知识产权保护、管理咨询、信息咨询、信用服务、市场营销、项目开发、投资融资、财会税务、产权交易、技术支持、人才引进、对外合作、展览展销、法律咨询等服务。　　第四十八条县级以上人民政府中小企业促进工作综合管理部门应当建立政企沟通联系机制，开通信箱、邮箱、微信等平台，听取中小企业及其行业组织对政府相关管理工作的意见、建议和诉求，并及时向有关部门反馈，帮助解决实际困难。　　第四十九条县级以上人民政府负责中小企业促进工作综合管理部门应当安排资金，有计划地组织实施中小企业经营管理人员培训。　　第五十条县级以上人民政府应当加强企业家队伍培育，弘扬企业家精神，鼓励和支持企业家创业创新，建立中小企业领军人才培训体系，支持高等学校、科研机构、行业组织、商会等开展对企业家精准化的理论、政策、科技、管理、法规等培训，提高企业家综合素质和经营管理能力，提升中小企业经营管理水平。　　第五十一条省人民政府教育、人力资源社会保障、工业和信息化等部门应当推动建立校企合作对接机制，根据中小企业发展的需求，指导有关高等学校、职业教育院校和职业技能培训机构及时调整专业设置和授课内容，培养创新、专业和实用人才。支持高等学校、职业教育院校和职业技能培训机构与中小企业合作共建实习实践基地。支持职业教育院校教师和中小企业技术人才双向交流，创新中小企业人才培养模式。　　鼓励中小企业与职业教育院校签订紧缺工种技能人才定向培养协议，并对在校学习的定向培养生发放补贴。企业所在地人民政府应当给予补助。　　第五十二条中小企业的有关行业组织应当依法维护会员的合法权益，反映会员诉求，加强自律管理，为中小企业创业创新、开拓市场等提供服务。　　第五十三条省人民政府中小企业促进工作综合管理部门应当委托第三方机构定期开展中小企业发展环境评估，并向社会公布。　　县级以上人民政府可以根据实际情况委托第三方机构开展中小企业发展环境评估。第七章权益保护　　第五十四条县级以上人民政府及其有关部门应当依法保护中小企业及其出资人的财产权和其他合法权益。　　第五十五条县级以上人民政府及其有关部门制定市场准入、产业发展、招商引资、招标投标、政府采购、经营行为规范、资质标准等与中小企业生产经营活动密切相关的规章、规范性文件和其他政策措施前，应当采取座谈会、听证会等方式听取中小企业、行业组织、商会的意见，并按照国家和本省有关规定进行公平竞争审查。　　第五十六条各级人民政府及其有关部门应当履行向中小企业依法作出的政策承诺以及依法订立的各类合同，不得以行政区划调整、政府换届、机构或者职能调整以及相关责任人更替等为由违约毁约。因国家利益、社会公共利益需要改变政策承诺、合同约定的，应当依照法定权限和程序进行，并依法对中小企业因此受到的损失予以补偿。　　第五十七条国家机关、事业单位和大型企业应当依照法律、行政法规和合同约定及时、足额地向中小企业支付货物、工程、服务款项，违约拖欠的，依法记入失信行为记录。中小企业有权要求拖欠方支付拖欠款并要求对拖欠造成的损失进行赔偿。　　国家机关、事业单位和大型企业使用商业汇票等非现金支付方式支付中小企业款项的，应当在合同中作出明确、合理约定，不得强制中小企业接受商业汇票等非现金支付方式，不得利用商业汇票等非现金支付方式变相延长付款期限。　　县级以上人民政府中小企业促进工作综合管理部门应当建立拖欠中小企业款项快速受理、调解机制。　　第五十八条任何单位不得违反法律、法规向中小企业收取费用，不得实施没有法律、法规依据的罚款，不得向中小企业摊派财物。中小企业对违反上述规定的行为有权拒绝和举报、控告。　　第五十九条任何单位和个人不得强制或者变相强制中小企业赞助捐赠、订购报刊、加入社团、购买指定产品或者接受指定服务；不得截留、挤占、挪用、侵占、贪污中小企业发展专项资金、中小企业发展基金；不得强制或者变相强制中小企业参加考核、评比、表彰、培训等活动；不得违法干扰、阻碍、限制中小企业生产经营活动。　　第六十条县级以上人民政府有关部门对中小企业实施监督检查应当依法进行，实施信用风险分类监管，落实“双随机、一公开”监管制度。同一部门对中小企业实施的多项监督检查能够合并进行的，应当合并进行；不同部门对中小企业实施的多项监督检查能够合并完成的，由本级人民政府组织有关部门实施合并或者联合检查。　　第六十一条县级以上人民政府应当建立和完善中小企业帮扶纾困和风险应对机制。发生自然灾害、公共卫生事件等突发事件或者其他影响中小企业生产经营的重大事件时，县级以上人民政府及其有关部门应当采取措施，及时做好对中小企业的帮扶纾困和风险应对工作。　　县级以上人民政府及其有关部门对受突发事件影响较大的中小企业，应当及时出台稳定就业、房租减免、资金支持等方面的政策措施，减轻中小企业负担，帮助中小企业恢复正常的生产经营活动。　　第六十二条县级以上人民政府应当加快推进公共法律服务体系建设，整合法律服务资源，为促进中小企业健康发展提供法律服务。鼓励律师、调解、公证、仲裁、司法鉴定等行业协会组建中小企业法律服务专业团队，为中小企业维护合法权益提供公益性法律服务。　　第六十三条县级以上人民政府有关部门和有关行业组织应当公布投诉、举报方式，受理中小企业的投诉、举报，依法调查、处理，并将处理结果及时告知投诉、举报人。　　第六十四条各级人民政府、有关部门及其工作人员有下列行为之一的，由有权机关对直接负责的主管人员和其他直接责任人员依法给予处分；构成犯罪的，依法追究刑事责任：　　（一）超越法定职权，违法干预应当由中小企业自主决定事项的；　　（二）制定或者实施政策措施不依法平等对待各类中小企业的；　　（三）违法向中小企业收取费用、罚款、摊派财物，或者违法对中小企业实施监督检查的；　　（四）对中小企业投诉、举报事项拖延、推诿或者不予办理的；　　（五）强制中小企业赞助捐赠、订购报刊、加入社团、购买指定产品或者接受指定服务的；　　（六）截留、挤占、挪用、侵占、贪污中小企业发展专项资金、中小企业发展基金的；　　（七）强制或者变相强制中小企业参加考核、评比、表彰、培训等活动的；　　（八）违法干扰、阻碍、限制中小企业生产经营活动的；　　（九）拒不执行国家和本省有关促进中小企业发展政策的；　　（十）侵犯中小企业合法权益的其他行为。第八章附则　　第六十五条本条例自2022年10月1日起施行。
",中小企业、民营经济发展政策,http://gxt.hebei.gov.cn/hbgyhxxht/zfxxgk/zc86/zxqymyjjfzzc27/index.html,http://gxt.hebei.gov.cn//hbgyhxxht/zfxxgk/fdzdgknr/ghjhzc/zxqymyjjfzzc/916399/index.html
2022年减税降费政策清单,2022-05-17,"
附件：2022年减税降费政策清单
",中小企业、民营经济发展政策,http://gxt.hebei.gov.cn/hbgyhxxht/zfxxgk/zc86/zxqymyjjfzzc27/index.html,http://gxt.hebei.gov.cn//hbgyhxxht/zfxxgk/fdzdgknr/ghjhzc/zxqymyjjfzzc/916396/index.html
河北省民营经济发展“十四五”规划,2021-11-05,"
河北省工业和信息化厅关于印发《河北省民营经济发展“十四五”规划》的通知各市（含定州、辛集市）人民政府，雄安新区管委会，省有关部门：　　《河北省民营经济发展“十四五”规划》已经省政府同意。现印发你们，请结合实际抓好贯彻落实。　　附件：河北省民营经济发展“十四五”规划.pdf　　河北省工业和信息化厅　　2021年11月3日相关阅读：《河北省民营经济发展“十四五”规划》亮点解读
",中小企业、民营经济发展政策,http://gxt.hebei.gov.cn/hbgyhxxht/zfxxgk/zc86/zxqymyjjfzzc27/index.html,http://gxt.hebei.gov.cn//hbgyhxxht/zfxxgk/fdzdgknr/ghjhzc/zxqymyjjfzzc/894039/index.html
河北省中小企业创新发展“专利护航”行动计划,2021-10-18,"
河北省工业和信息化厅关于印发《河北省中小企业创新发展“专利护航”行动计划》的通知各市（含定州、辛集市）工业和信息化局，雄安新区改革发展局：　　为切实发挥知识产权对中小企业创新发展的支撑引领作用，提升中小企业创新能力和专业化水平，促进中小企业走“专精特新”之路，实现高质量发展，省厅制定了《河北省中小企业创新发展“专利护航”行动计划》，现予以印发，请认真组织实施。各地实施中的典型做法和意见建议，请及时报告省厅。　　河北省工业和信息化厅　　2021年10月14日河北省中小企业创新发展“专利护航”行动计划（2021-2025）　　创新是企业发展的灵魂和不竭动力。为切实发挥知识产权对中小企业创新发展的支撑引领作用，提升中小企业创新能力和专业化水平，促进中小企业走“专精特新”之路，实现高质量发展，决定面向全省中小企业开展“专利护航”行动，特制定本行动计划。　　一、总体要求　　（一）指导思想　　以习近平新时代中国特色社会主义思想为指导，认真落实党中央、国务院和省委、省政府关于完善市场化配置要素资源的重大决策，聚焦提升中小企业创新能力和专业化水平，以专利综合分析应用为切入点，提高中小企业专利意识，推动专利创造，实施专利布局，开展专利运营，以更高质量的知识产权信息利用和更高水平的知识产权运营服务，解决中小企业创新发展中的瓶颈问题，推动企业用好知识产权这把“金钥匙”，开启“专精特新”中小企业提质升级新路径，为实现高质量发展保驾护航。　　（二）工作原则　　——创新驱动。坚持创新引领、企业发力，把创新作为推动企业高质量发展的第一动力，统筹企业研发要素资源，实施“专利护航”行动，健全完善工作机制，夯实企业创新基础和实力。　　——企业主体。坚持政府搭台、企业唱戏，强化中小企业主体地位和市场化服务，充分调动知识产权专业服务机构的积极性，增强优质专利技术信息服务供给，更好发挥政府引导作用，用市场化手段配置创新资源，提升企业创新能力。　　——惠企利企。坚持服务至上、企业得利，紧贴中小企业发展需求，助力企业解决产品研发、市场开拓中的实际问题，为企业提供精准高效、务实管用的专利分析综合服务，帮助企业用好专利技术信息，合理规避风险，促进创新发展。　　（三）工作目标　　通过实施“专利护航”行动，推动中小企业专利拥量得到较大增长，培育一批创新能力强、专利价值高、发展势头猛的“专精特新”中小企业，中小企业对全省工业经济的贡献率得到较大提升。到2023年底，“专精特新”中小企业拥有的发明专利达到7000件左右；到2025年底，力争“专精特新”中小企业拥有的发明专利达到10000件左右，1000个（项）产品或技术填补国内空白、500个主导产品在细分领域市场占有率国内第一唯一。　　二、主要任务　　（一）提高专利意识。引导企业加强与知识产权服务机构的合作，采取集中培训、对标交流等形式提升企业决策层专利意识；线上线下相结合开展专利创造申请、管理、运营等方面的培训，培养一批企业专利管理人才；帮助企业分析专利工作现状，以市场分析和专利信息分析为基础制定专利战略，开展专利咨询诊断活动，提供专利解决方案，抢占技术竞争制高点；借助“4·26世界知识产权日”“全国知识产权宣传周”等活动平台，开展多种形式的专利普及活动，提升企业专利意识。　　（二）推动专利创造。支持企业普遍建立以市场为导向、产学研相结合的专利创造体系；帮助企业在产品研发立项、实施经营活动前开展专利信息检索，发现技术研发空白点和潜在市场热点，提高创新效率和成功率；鼓励支持企业与拥有专利的高校院所和大型国有企业开展对接合作，挖掘“沉睡专利”，降低创新成本，尽快形成一批订单式高价值发明专利；引导企业针对在研技术项目进行专利风险评估，优化技术路线；加强专利挖掘，从已完成的新技术新工艺等产品研发、技术改造活动中筛选具有专利意义的技术创新点，形成可申请专利及相关储备；鼓励企业加强专利再创造，加快核心产品和技术的迭代升级，推动核心专利的高价值化和再升级。　　（三）实施专利布局。鼓励支持企业根据技术特点、市场竞争、自身条件等因素，制定科学合理的专利布局模式和布局方案，构建严密高效的专利保护网；加强专利技术布局，针对核心技术将相关工艺技术和解决方案申请专利，形成抢占先发优势的高价值专利组合，运用大数据加强专利信息综合利用和统计分析，在重点领域开展技术路线设计和专利布局，形成领先竞争优势；推进专利标准布局，将已有专利技术转化为国家标准、行业标准，在标准制定中布局专利，掌握细分市场话语权；探索专利组合布局，聚焦重点产业集群，形成一批产业化导向的关键共性技术专利组合，获得产业竞争新优势；实施专利海外布局，鼓励出口型企业对接专业机构，通过申请PCT国际专利，为保护核心产品和开拓海外市场提供专业支撑。　　（四）开展专利运营。鼓励引导企业建立健全专利管理体系，配备专兼职管理人员，选择符合企业实际的专利运营方式，提高专利运营效率；围绕专利法律价值、技术价值和经济价值等进行专业评估，为专利运营提供公允价值参考；引导初创期创新型中小企业普遍申请专利，借助专业力量加快专利申请周期，及时开展专利布局；支持“专精特新”中小企业全面开展专利组合、专利权转让、专利实施许可以及质押融资、股权投资等活动；推动专精特新“小巨人”企业在开展专利组合、转让、许可等基础上，加强对外技术合作和人才团队引进中的专利价值和专利风险综合评估，开展专利侵权预警，排查和规避专利风险。　　三、工作推动　　根据企业发展阶段和实际需求，坚持分级推动，分类施策，省市县协调联动，同步组织展开，多层次全方位满足中小企业创新发展的专利需求。　　（一）实施基础护航。针对创新型中小企业的专利需求，发挥县级部门和服务机构贴近企业、了解企业的优势，通过专利培训、案例宣讲、入企调研等多种形式，线上线下全覆盖普及专利知识，增强企业对“专利护航”行动重要性的认识，帮助企业提高专利意识，解决企业专利意识弱、不会用专利、无专利申报等问题，提高专利应用能力，催生企业创新发展的内生动力。　　（二）实施专业护航。针对“专精特新”中小企业的专利升级需求，发挥市级部门和专业服务机构拥有资源多、统筹力度大、服务能力强的优势，将专利信息综合分析应用于企业创新发展的全过程，通过诊断咨询、专利创造、评估运营等应用手段，对接企业创新研发，拓展实战服务功能，帮助企业多渠道对接应用专利技术，开展专利创造和专利运营，解决企业研发方向不准、应用水平低、专利支撑弱等问题，努力实现市域内“专精特新”中小企业专业化、精准化服务全覆盖。　　（三）实施深度护航。针对专精特新“小巨人”企业的更高创新专利需求，省级重点引导和有效发挥高端专业化服务机构的作用，通过组织“百场万家”公益服务、专家机构企业行、专利管理提升等活动，帮助企业突破专利创造、运营管理、专利布局等深层次问题，“一对一”个性化解决企业在专利应用不全面、管理体系弱、风险防控难等方面的突出问题。省级每年支持专业化高端服务机构为10个以上专利应用标杆企业开展精准服务。　　四、保障措施　　（一）加强组织领导。按照分级推动、分类施策的要求，各地要强化统筹协调，加强督导指导，充分发挥市场监管、行业协会等部门和机构的作用，形成工作合力，因企施策，确保“专利护航”行动扎实有效开展。　　（二）强化服务支撑。各地要优选一批省内外成功案例多、服务模式新、社会影响大的知识产权服务品牌机构，为不同类型企业量身打造“专利护航”服务产品和工具，为组织参与各类服务对接活动提供有力支撑，确保“专利护航”行动落实落地。鼓励各地安排专项资金，支持和引导专业服务机构参与全省中小企业“专利护航”行动全过程。　　（三）营造舆论氛围。会同省内主流媒体宣传解读中小企业“专利护航”行动的重要意义，努力形成崇尚创新、重视专利、用好专利、加快发展的浓厚氛围。筛选优秀“专利护航”成果案例，推广专利使用、专利服务等典型经验，扩大“专利护航”行动的效果和影响力。
",中小企业、民营经济发展政策,http://gxt.hebei.gov.cn/hbgyhxxht/zfxxgk/zc86/zxqymyjjfzzc27/index.html,http://gxt.hebei.gov.cn//hbgyhxxht/zfxxgk/fdzdgknr/ghjhzc/zxqymyjjfzzc/890429/index.html
推动企业上市“蝶变计划”工作方案,2021-09-06,"
河北省工业和信息化厅关于印发《推动企业上市“蝶变计划”工作方案》的通知各市（含定州、辛集市）工业和信息化局，雄安新区改革发展局：　　为加快河北工业转型升级，推动企业首次公开发行股票并上市，加快做大做强实现高质量发展，省厅制定了《推动企业上市“蝶变计划”工作方案》，现予以印发，请认真组织实施。　　河北省工业和信息化厅　　2021年8月20日推动企业上市“蝶变计划”工作方案　　资本市场是企业融资的重要渠道。为加快河北工业转型升级，推动企业首次公开发行股票并上市，借助资本力量加快做大做强，特制定本工作方案。　　一、总体思路　　瞄准主板、创业板、科创板等证券交易市场，聚焦企业上市前期培育，大力实施“蝶变计划”，以更加务实、精准、高效的服务举措，帮助企业解决实际问题，尽快达到首次公开发行股票并上市发行条件，把握企业发展黄金期，借助资本力量实现高质量发展。　　二、工作原则　　（一）企业主体。坚持政府引导和市场主导相结合，健全完善支持企业上市工作机制，充分发挥资本市场要素资源配置枢纽作用，持续激发企业上市意愿。　　（二）梯次推进。加强上市潜质企业资源挖掘，健全完善企业上市培育体系，分级分层开展精准服务，有效衔接券商辅导备案，助推符合条件的企业尽快上市。　　（三）惠企利企。坚定企业上市的信心决心，引导企业健全法人治理体系，规范企业内部管理，建立现代企业制度，充分利用资本市场机制和规则，实现融智融资加快发展。　　三、工作目标　　加快聚集一批上市辅导专业机构，对接服务一批潜质企业，推动股改一批重点企业，输送签约一批辅导备案企业，发展壮大一支善于运用资本力量加快发展的企业家队伍。2021年-2025年，争取实现服务上市潜质企业500家以上，输送上市辅导备案重点企业50家以上。　　四、主要任务　　（一）遴选潜质企业。健全完善上市潜质企业发现和识别机制，利用问卷调查、大数据筛选等方式，重点面向“专精特新”中小企业、特色产业龙头企业、行业领军企业以及高成长性创新型企业全面调研摸排，根据主营业务、经营管理、财务指标、研发投入、竞争优势等情况，每个县（市、区）原则上选拔3-5家上市潜质企业，每个设区市从县级上市潜质企业中优选20家以上（定州、辛集、雄安新区各10家左右）企业，省级从市级上市潜质企业中遴选100家企业，纳入上市潜质企业库，予以重点培育、辅导服务。各级上市潜质企业库实行动态管理，原则上每年更新一次。　　（二）坚持分类施策。对在库企业实施“孕育、成长、蝶变”滚动培育，引导企业精准选择上市板块，推动主营业务突出、盈利水平高、市场前景好的龙头企业到主板上市，推动符合产业政策、科技含量高、成长性强的企业到科创板或创业板上市。对“孕育期”企业，重点通过培训交流、参观考察、典型引路等方式，拓宽企业视野，打消企业顾虑，解决基础弱、不愿上的问题。对“成长期”企业，重点引导企业加强与股权投资机构合作，推进财务法务规范化，建立有效的内控体系；支持企业实施关键核心技术攻关，拓展市场空间，做大主营业务，做强核心产品，解决有短板、不敢上的问题。对“蝶变期”企业，重点推动实施股份制改造，健全法人治理体系，帮助对接上市经验丰富、业绩突出、行业板块契合的上市服务机构，为企业提供精准指导服务，解决企业不专业、上不了的问题。　　（三）实行分级负责。强化服务意识，开辟绿色通道,省市县分工负责，上下联动，相互配合，积极回应企业关切，解决企业困难问题。省级负责统筹推进全省企业上市辅导前期工作，建立健全上市服务机构资源库，协同各市对接服务机构，强化服务手段，开展上市培训、诊断咨询等专项活动，协调解决企业上市过程中的重大问题，对接证监部门做好企业上市辅导备案准备。市级负责指导所辖县（市、区）落实工作任务，组织开展上市问诊等服务活动，推动企业建立现代企业制度，协调处理影响企业上市的有关问题。县级对企业实施贴身常态帮扶，提升企业家上市意识，做好上市培训服务的组织和对接工作，协调解决企业发展中的资金、技术、市场等具体困难和问题。　　五、工作安排　　（一）动员部署阶段（2021年9月底前）。组织召开全省工信系统服务企业上市推进工作会议，指导各市制定落实计划，建立工作体系和工作机制，明确目标任务，提出切实可行的具体措施。　　（二）摸底调查阶段（2021年11月底前）。组织各市、县（市、区）对辖区企业进行全面摸底调查，确定各级潜质企业名单，形成上市潜质企业库。组织券商、会计师事务所、律师事务所等服务机构对潜质企业进行综合评估，省级优选100家重点企业给予辅导服务，一企一策制定辅导计划并推动落实。　　（三）组织实施阶段（2021年12月1日之后）。省市县协同，按照任务要求，分级分层分阶段有针对性地开展培育服务。建立企业上市工作信息反馈制度，实行季调度、半年小结、年度总结。建立常态化督导评估机制，加强对上市薄弱地区工作指导，对思想不重视、工作不主动、成效不明显的市予以通报。　　六、保障措施　　（一）加强组织领导。发挥各级民营经济领导小组办公室作用，加强对企业上市培育服务工作的组织协调，统筹利用好上市服务资源，形成企业上市工作合力。　　（二）做好服务保障。梳理遴选优质上市服务机构，组建“线上+线下”咨询顾问团队，做优上市服务。引入交易所或者媒体资源网络，建立广泛的线上路演平台，通过常态化线上线下同步路演方式，助推企业加快上市。　　（三）营造舆论氛围。会同省内主流媒体宣传解读企业上市政策举措，宣传企业上市“蝶变”过程，推广培育典型经验，交流辅导有效做法，选树上市成功案例，营造浓厚上市氛围。
",中小企业、民营经济发展政策,http://gxt.hebei.gov.cn/hbgyhxxht/zfxxgk/zc86/zxqymyjjfzzc27/index.html,http://gxt.hebei.gov.cn//hbgyhxxht/zfxxgk/fdzdgknr/ghjhzc/zxqymyjjfzzc/887629/index.html
河北省技术创新示范企业认定管理办法,2021-03-26,"
河北省工业和信息化厅关于印发《河北省技术创新示范企业认定管理办法》的通知各市（含定州、辛集市）工业和信息化局，雄安新区改革发展局：　　为促进企业技术创新，规范河北省技术创新示范企业管理，增强企业创新活力和市场竞争力，推动制造业高质量发展，依据《河北省促进企业技术创新条例》、工业和信息化部和财政部《技术创新示范企业认定管理办法（试行）》，制定《河北省技术创新示范企业认定管理办法》，现印发给你们，请遵照执行。　　河北省工业和信息化厅　　2021年3月23日河北省技术创新示范企业认定管理办法　　第一章总则　　第一条　为促进企业技术创新，规范河北省技术创新示范企业（以下简称：示范企业）管理，增强企业创新活力和市场竞争力，推动制造业高质量发展，依据《河北省促进企业技术创新条例》、工业和信息化部和财政部《技术创新示范企业认定管理办法（试行）》，特制定本办法。　　第二条　本办法所称示范企业，是指主要工业行业（含软件和信息技术服务业）中技术创新理念先进、技术创新体系完善、技术创新能力突出、技术创新特色鲜明，在转方式、调结构、上规模、促融合、提质量、增效益等方面具有示范和导向作用的企业。　　第三条　示范企业认定工作坚持公平、公正、公开原则，统筹规划，有序推进。　　第四条　省工业和信息化厅负责全省示范企业认定的相关管理工作。　　各市（含定州、辛集市）工业和信息化局，雄安新区改革发展局负责本区域示范企业的组织申报、工作指导和监督管理。　　第二章申报条件和标准　　第五条　申报示范企业需具备以下基本条件　　（一）具有河北省境内注册的独立法人资格，财务管理制度健全，企业信用良好。　　（二）具有一定的生产经营规模，年销售收入3000万元以上，财务状况良好，近3年连续盈利。　　（三）拥有河北省工业企业研发机构（A级）；近3年研发投入占营业收入的比重达到3%；上一年度企业新产品销售收入占营业收入的比重达到20%；上一年度企业研究与试验发展人员占职工人数的比重达到2%。　　（四）近三年内取得一项以上已受理发明专利并已进行成果转化实施，取得显著经济效益。　　（五）近2年未发生重大质量、安全、环保等方面的事故，未有失信、违法行为。　　第六条　示范企业认定基本标准　　（一）具有核心竞争能力和领先地位。掌握企业发展的核心技术并具有自主知识产权，整体技术水平在省内同行业居于领先地位。积极主导或参与标准的制修订工作。对省内行业发展具有较强的带动性或带动潜力。　　（二）具有持续创新能力和较完善的管理体系。有健全的研发机构并与省内外大专院校、科研机构建立了长期稳定的合作关系。建立了较完善的知识产权管理体系和质量保证体系。重视科技人员和高技能人才的培养、引进和使用。　　（三）具有较强新产品新技术开发应用能力。新产品、新技术（工艺）开发能力强，具有较强应用新技术能力和技术创新成果转化能力。　　（四）注重自主品牌培育。注重自主品牌的培育和创建，通过竞争发展，形成了企业独特的品牌，并在市场中享有一定知名度。　　（五）重视创新发展战略和创新文化。企业领导层重视技术创新工作，具有较强的市场意识和创新意识，重视企业经营发展战略创新，努力营造并形成企业的创新文化，把技术创新和自主品牌培育作为经营发展战略的重要内容。　　第三章认定程序　　第七条　企业向其所在地市工业和信息化主管部门提出申请并按要求编制《河北省技术创新示范企业申报书》（详见附件）。　　各市（含定州、辛集市）工业和信息化局、雄安新区改革发展局按照有关要求，对企业申报材料进行审核，确定推荐企业名单，并将推荐企业的申报材料及审核意见上报省工业和信息化厅。　　第八条　申报材料　　（一）《河北省技术创新示范企业申报书》原件一式两份及电子版。　　（二）申报材料中的有关数据以各级统计机构、职能部门公开数据及经会计师事务所审计的会计报表为准。　　（三）企业对申报材料真实性负责，并提供真实性承诺。　　第九条　省工业和信息化厅组织或委托第三方机构对企业申报材料进行初审、专家评审，并依实际情况进行必要的实地考察，按程序研究提出当年度河北省技术创新示范企业名单，并在省工业和信息化厅网站公示10个工作日。　　第十条　经公示无异议的企业，省工业和信息化厅发文公布并授牌。　　第十一条申报国家技术创新示范企业名单，原则上从省级示范企业中产生。　　第四章示范企业管理　　第十二条　示范企业每年集中组织申报一次，实行动态管理。示范企业名单在省工业和信息化厅门户网站公布。　　第十三条　示范企业应于每年5月31日前将上一年度企业技术创新发展情况，通过各市（含定州、辛集市）工业和信息化局、雄安新区改革发展局上报省工业和信息化厅。　　第十四条　示范企业每三年进行一次复核评价，省工业和信息化厅对通过复核评价的予以确认，未通过的撤消称号。　　第十五条　有下列情况之一的撤销其示范企业称号：　　（一）当年复核评价不合格；　　（二）示范企业自行要求撤销其示范企业称号；　　（三）示范企业被依法终止；　　（四）有效期内发生重大质量、环保、安全事故的企业；　　（五）有偷税、骗取出口退税等重大税收违法行为的企业；　　（六）示范企业发生意外灾害、非人为因素等造成停产、转产等特殊情况的，应提前由所在地市工业和信息化主管部门将有关情况报省工业和信息化厅，否则视为不合格。　　被撤销称号的示范企业，由所在县区（市）工业和信息化主管部门在发文公布15日内予以摘牌。　　第十六条　已经认定的示范企业，如发现弄虚作假，除撤销称号、摘牌外，暂停其所在地市下一年度申报工作。　　第十七条　省工业和信息化厅对国家级和省级示范企业，在安排技术创新、技术改造等相关资金时，予以优先支持。　　第十八条　各市（含定州、辛集市）工业和信息化局和雄安新区改革发展局，可比照本办法，组织开展市级技术创新示范企业认定工作。　　鼓励有条件的地市对国家级和省级技术创新示范企业给予奖励。　　第五章附则　　第十九条　本办法由省工业和信息化厅负责解释。　　第二十条　本办法自发布之日起施行。省工业和信息化厅、省财政厅印发的《河北省技术创新示范企业认定管理办法（试行）》（冀工信科〔2012〕546号）同时失效。　　附件：河北省技术创新示范企业申报书.doc
",中小企业、民营经济发展政策,http://gxt.hebei.gov.cn/hbgyhxxht/zfxxgk/zc86/zxqymyjjfzzc27/index.html,http://gxt.hebei.gov.cn//hbgyhxxht/zfxxgk/fdzdgknr/ghjhzc/zxqymyjjfzzc/894502/index.html
河北省推动中小企业高质量发展若干措施,2021-03-15,"
河北省民营经济领导小组办公室关于印发《河北省推动中小企业高质量发展若干措施》的通知各市（含定州、辛集市）民营经济领导小组办公室，省民营经济领导小组各成员单位：　　《河北省推动中小企业高质量发展若干措施》已经省政府同意，现印发你们，请认真遵照执行。为贯彻省政府主要领导批示精神特提出如下要求：　　一、要高度重视，切实把推动中小企业高质量发展作为中小企业促进工作重点任务来抓，制定工作计划，建立工作台账，明确专人负责，确保落地见效。　　二、各单位确定一名联络员，名单于3月20前报省民营经济领导小组办公室；每季度的第一个月10日之前，将本单位上一季度执行情况形成文字材料，报省民营经济领导小组办公室。　　联系人：谢雨晨段秉华　　联系电话：0311-87806198　　邮箱：hbzxqy2020@126.com　　河北省民营经济领导小组办公室　　2021年3月11日河北省推动中小企业高质量发展若干措施　　为贯彻落实党的十九届五中全会和中央经济工作会议精神，按照国务院促进中小企业发展工作领导小组第七次会议要求，围绕抓好政策体系、服务体系、发展环境三个领域，聚焦着力缓解中小企业融资难、融资贵，着力加强中小企业合法权益保护两个重点，紧盯提升中小企业创新能力和专业化水平这一目标，针对中小企业特点和特色产业发展需求，努力构建中小企业“321”工作体系，推动中小企业高质量发展，制定如下措施：　　一、进一步加大金融财政支持力度　　（一）多措并举增加信贷支持。建立健全普惠型小微企业贷款统计监测体系，围绕“增量、扩面、提质、降本”要求，实施月监测、季通报，引导金融机构提升小微金融服务质效。建立金融机构敢贷、愿贷、能贷、会贷的长效机制，继续实施好普惠小微企业贷款延期还本支持工具和信用贷款支持计划两项直达工具，提高小微企业续贷和信用贷款的发放能力。开展省内商业银行小微金融服务监管评价，建立健全小微企业金融服务长效机制。督导金融机构按照市场化原则对符合规定的普惠型小微企业贷款，做到应延尽延。利用全国“信易贷”平台（河北省站），促进资金直达中小企业。（责任单位：人行石家庄中心支行、河北银保监局）　　（二）千方百计扩大资本市场融资。全面落实推动企业股改上市融资三年行动计划，充分发挥资本市场作用，拓宽中小企业融资渠道。聚焦重点企业，通过政策宣传解读、上市辅导培训、现场路演推介等，破解企业“不想上市”、“不会上市”的难题。进一步发挥上市公司并购重组和配套融资功能，支持符合条件的企业通过增发股票、发行公司债等多种方式进行直接融资。发挥各级政府投资引导基金作用，鼓励有条件、有意愿、有实力的地区设立政府引导、社会资本参与、市场化运作的基金，支持中小企业发展。（责任单位：省地方金融监管局、省财政厅、河北证监局）　　（三）切实发挥担保增信作用。推动产业政策与金融政策协同，发挥融资担保降费奖补政策、融资担保基金、政府性担保机构作用，引导全省融资担保机构减费让利，扩大小微企业担保业务规模，缓解小微企业融资难题。进一步壮大省级融资担保基金资本实力，建立风险补偿机制，为各级融资担保机构分险、增信。（责任单位：省地方金融监管局、省财政厅）　　（四）进一步强化融资服务保障。借鉴苏州、台州模式，因地制宜开展地方征信平台建设。指导市场化企业征信机构采集非信贷替代数据，服务中小企业融资需求。发挥河北省普惠金融服务平台、河北金融服务平台作用，助力银企开展“线上”沟通，帮助企业足不出户实现与银行对接，获得贷款支持。加大涉企信息归集力度，推动省有关部门信息系统与全国信用信息共享平台（河北）互联互通，实现企业信用信息共享。（责任单位：省发展改革委、省政务办、省地方金融监管局、人行石家庄中心支行）　　（五）精准落实减税降费政策。开展“我为纳税人缴费人办实事暨便民办税春风行动”，建立“事前宣传、办前提示”新型精准宣传辅导工作机制，政策宣传由“大水漫灌”向“精准滴灌”转变。创新推出便民办税缴费举措，抓实抓细延续实施和新出台的税费优惠政策落实，切实减轻企业税费负担，提升纳税人缴费满意度和获得感。（责任单位：省税务局）　　二、努力营造良好发展环境　　（六）打造良好政务环境。进一步深化“放管服”改革，完善“网上办、即时办、联合办、一日办”服务模式，推进企业开办标准化、规范化；持续推进“证照分离”改革，实现改革区域和事项“两个全覆盖”；推进“证照联办”、准入准营一体化，创出河北深化商事制度改革新亮点。落实环评审批“正面清单”制度，实施“豁免登记一批、告知承诺一批、优化服务一批”，对重点项目开展“五+五”环评审批服务（建立台账+专班服务、即来即办+绿色通道、规划环评+简化内容、前期介入+限时办结、互联网申报+不见面审批）。（责任单位：省生态环境厅、省市场监管局、省政务办）　　（七）健全完善创新平台。构建“众创空间-孵化器-科技园区”全链条孵化育成体系，支持中小企业创新发展。开展省级文化产业示范园区创建工作，推动龙头骨干企业与中小企业融通集聚发展。强化服务导向，整合各类资源，完善服务功能，提升小微企业创业创新基地、中小企业公共服务示范平台的综合支撑能力，年内新增省级小微企业创业创新示范基地10家以上，省级中小企业公共服务示范平台10家以上。（责任单位：省科技厅、省工业和信息化厅、省文化和旅游厅）　　（八）构建良好法治环境。严格落实《市场准入负面清单（2020年版）》，推动“全国一张清单”管理模式的落实，确保“一单尽列，单外无单”，维护清单制度的统一性、严肃性和权威性。落实《保障中小企业款项支付条例》，建立防范和化解拖欠中小企业款项长效机制，对因拖欠账款被人民法院纳入失信被执行人名单的失信主体，依法依规实施失信惩戒。落实《政府采购促进中小企业发展管理办法》，通过加强采购需求管理，在政府采购预算中预留中小企业采购份额、价格评审优惠、优先采购等措施，提高中小企业在政府采购中的份额。（责任单位：省发展改革委、省财政厅、省工业和信息化厅、省商务厅、省政务办）　　（九）严格保护知识产权。加强与出版、海关、公安、法院等部门的执法协作，严厉打击侵害中小企业知识产权合法权益违法行为。推动落实知识产权查处快速反应机制，畅通投诉举报渠道，提升中小企业知识产权案件处理效率。加强与境内外法律机构合作与交流，帮助中小企业进行知识产权海外布局和维权。（责任单位：省市场监管局、省贸促会）　　（十）完善服务企业措施。开展“法律三进”“法治体检”等活动，引导企业完善内部治理结构，促进企业诚信守法经营。完善企业信用分级分类监管措施，让诚信企业享受更多通关便利。组织企业参加中博会、文博会、进博会、省旅发大会等高端知名展会，推动企业与省外企业合作交流。探索创新服务模式，完善志愿者服务体系，建立专家志愿服务团和工作站，开展志愿者服务活动。深入开展职业经理人培育工作，全年培训企业经营管理者1万人以上，持续打造高素质企业家队伍。（责任单位：省工业和信息化厅、省商务厅、省文化和旅游厅、石家庄海关、省工商联、省贸促会）　　三、持续提升创新能力和专业化水平　　（十一）推动特色产业融通发展。紧盯国家提升中小企业创新能力和专业化水平意见出台情况，适时组建工作专班，深入调查研究，坚持问题导向和目标引领，围绕特色产业关键领域“补短板”、“锻长板”，出台专项支持措施，着力引导中小企业专注于细分领域深耕细作，推动与特色产业行业龙头企业协同创新、产业链上下游协作配套，支撑产业链强链延链补链，构建大中小企业融通发展、创新发展新格局。（责任单位：省工业和信息化厅）　　（十二）加快培育“专精特新”中小企业。出台《河北省“专精特新”中小企业培育工作指南》，进一步健全我省梯度培育工作机制，构建市级培育“专精特新”中小企业、省级选拔“专精特新”示范企业、择优打造一批国家“小巨人”企业的省市分层培育体系，全年新增培育“专精特新”中小企业500家以上，选拔“专精特新”示范企业200家以上。开展制造业单项冠军企业培育行动，培育100家省级以上单项冠军企业（产品），争创一批国家级单项冠军。（责任单位：省工业和信息化厅）　　（十三）实施科技领军企业培育行动。培育认定一批科技领军企业，以科技领军企业为核心构建创新创业生态圈，建立“科技型中小企业-高新技术企业-科技领军企业”梯次培育体系，以企业结构调整带动产业结构调整，全年新增科技型中小企业6000家。持续加大财政支持力度，对新认定为高新技术企业的中小企业每家给予10万元后补助。（责任单位：省科技厅、省财政厅）　　（十四）强化专业化发展支持。完善支持企业创新与专业化发展环境，鼓励大型企业向中小企业开放共享资源，围绕创新链、产业链打造大中小企业创新有力、专业高效、协同发展的新环境。实施县域特色产业提质工程，坚持一业一策、精准服务，不断提升特色产业集群核心竞争力。健全政府公共服务、市场化服务、社会公益服务相结合的中小企业公共服务体系，集聚资金、技术、人才、数字化赋能和工业设计等资源，为中小企业提供精准服务。（责任单位：省发展改革委、省科技厅、省工业和信息化厅、省人力资源和社会保障厅）　　四、认真做好长期性和基础性工作　　（十五）健全完善基础性制度体系。落实《中小企业促进法》、《关于促进中小企业健康发展的指导意见》、《关于健全支持中小企业发展制度的若干意见》等，抓紧修订《河北省中小企业促进条例》，不断健全完善中小企业法律政策服务体系。精心编制《河北省特色产业发展“十四五”规划》，带动特色产业高质量发展。（责任单位：省发展改革委、省工业和信息化厅、省司法厅）　　（十六）完善统计监测制度。按照国家统计局统一部署，整合中小微企业主要指标数据，建立健全河北省中小微企业统计监测制度，加强监测分析。（责任单位：省统计局）　　（十七）优化政策直达机制。坚持“谁出台、谁宣传、谁落实”原则，各政策制定部门要采取多种形式抓好政策的宣讲解读、精准推送，推出个性服务政策包，提高政策“直达性”，增强企业知晓度，提升企业获得感。（责任单位：省民营经济领导小组成员单位）　　（十八）推动开展中小企业发展环境试评估。制定评估方案，研究搭建评估模型，建立评估指标体系，开展企业问卷调查、实地座谈交流和访查，形成河北省中小企业发展环境试评估报告，实现以评促改、以评促建、以评促优。（责任单位：省工业和信息化厅）　　五、加强对中小企业工作的组织领导　　（十九）加强组织领导。充分发挥省民营经济领导小组作用，不断加强综合协调和督促指导，有效调动各成员单位和市县工作积极性，推动形成省市县上下联动、分工明确、合力推进的工作格局。各地要结合实际，细化方案，建立台账，协调推进中小企业促进工作。（责任单位：省民营办）　　（二十）形成工作合力。发挥工商联、商协会作用，开展教育培训活动，不断深化理想信念教育，组织民营企业家学习党的理论方针政策，熟悉党情国情民情，弘扬企业家精神，聚精会神办实业。引导民营企业参与“万企帮万村”行动，积极履行社会责任，助力乡村振兴。（责任单位：省工商联）　　（二十一）开展监督检查。适时组织开展减轻企业负担和促进中小企业发展督导检查，及时发现并解决政策落实中存在的问题，坚决打通政策落实最后“一公里”，确保各项政策直达基层、直接惠企利民。(责任单位：省工业和信息化厅）　　（二十二）强化舆论宣传。通过中小企业“百场万家”公益服务、“科技辅导团”培训等活动，大力宣传国家和我省扶持中小企业发展的各项惠企政策措施。办好创新创业大赛等活动，营造支持中小企业发展的良好氛围。（责任单位：省科技厅、省工业和信息化厅等单位）
",中小企业、民营经济发展政策,http://gxt.hebei.gov.cn/hbgyhxxht/zfxxgk/zc86/zxqymyjjfzzc27/index.html,http://gxt.hebei.gov.cn//hbgyhxxht/zfxxgk/fdzdgknr/ghjhzc/zxqymyjjfzzc/894533/index.html
关于进一步优化营商环境更好服务市场主体若干措施的通知,2020-10-09,"
各市（含定州、辛集市）人民政府，雄安新区管委会，省政府有关部门：　　《关于进一步优化营商环境更好服务市场主体的若干措施》已经省政府同意，现印发给你们，请结合实际认真贯彻执行。　　河北省人民政府办公厅　　2020年9月30日关于进一步优化营商环境更好服务市场主体的若干措施　　为贯彻落实《国务院办公厅关于进一步优化营商环境更好服务市场主体的实施意见》（国办发〔2020〕24号）精神，结合统筹常态化疫情防控和经济社会发展要求，更好服务市场主体，切实解决企业生产经营中的堵点、痛点、难点，加快建设一流营商环境体系，制定如下措施。　　一、持续提升投资建设便利度　　（一）优化再造投资项目前期审批流程。围绕办成项目前期“一件事”，健全发展改革、自然资源等部门协同工作机制，加强项目立项与用地、规划等建设条件衔接，在各类开发区、工业园区推行对项目可行性研究、项目申请报告、用地预审、选址、环境影响评价、安全评价、水土保持方案、压覆重要矿产资源评估等事项，实行项目单位编报一套材料，行政审批部门统一受理、同步评估、同步审批、统一反馈，加快项目落地。进一步优化河北省投资项目在线审批监管平台审批流程，实现批复文件等在线打印。　　（二）进一步提升工程建设项目审批效率。在确保安全前提下，对1万平方米以下，不涉及易燃、易爆、有毒、有害物品和危险品的新建、改建、扩建厂房和仓储项目，由项目属地政府住房城乡建设、城管、自然资源规划、应急、水利、人防、地震、气象等相关部门发布统一的企业开工条件，企业取得用地，满足开工条件后，作出相关承诺，审批部门直接发放相关证书，项目即可开工。加快推动工程建设项目全流程在线审批，推进工程建设项目审批管理系统与政务服务、投资审批、规划、消防等管理系统数据实时共享，实现信息一次申报、材料一次上传、相关评审意见和审批结果及时推送。2020年底前将工程建设项目审批涉及的行政许可、备案、评估评审、中介服务、市政公用服务等纳入各级工程建设项目审批平台，公开办理标准和费用。　　（三）压减水气外线工程审批时间。推动水气外线工程涉及的规划许可、占用挖掘道路许可、线路施工等审批事项由串联办理改为并联办理，外线工程建设审批时间（不含立项用地审批时间）压缩至10个工作日以内。　　（四）深入推进“多规合一”。抓紧统筹主体功能区、土地利用总体规划、城镇体系规划、城市（镇）总体规划、海洋功能规划等空间规划，推动各类规划数据衔接整合。结合国土空间信息平台建设，按照国土空间规划“一张图”要求做一致性处理，推动尽快消除规划冲突和“矛盾图斑”。按照统一的测绘标准和规则，在用地、规划、施工、验收、不动产登记等阶段，实现测绘成果共享互认，避免重复测绘。　　二、进一步简化企业生产经营审批和条件　　（一）进一步降低市场准入门槛。做好《市场准入负面清单（2020年版）》实施工作，严格落实“一张清单”管理模式，确保“一单尽列、单外无单”。围绕工程建设、教育、医疗、体育等领域开展集中清理，清除省有关部门和各市在市场准入方面对企业资质、资金、股比、人员、场所等设置的不合理条件，列出台账并逐项明确解决措施、责任主体和完成时限。加强诊所设置执业管理，在自贸试验区对诊所设置、诊所执业实行备案管理试点，条件成熟后在全省推广。政府部门直接受理海事劳工证书的申请、检查和签发，不再要求企业为此接受船检机构检查，且不收取企业办证费用。通过在线审批等方式优化跨地区巡回演出审批程序。　　（二）优化建设工程企业资质管理。在公路工程丙级监理资质认定中实行告知承诺制。统一公路养护作业资质许可标准，不再要求申请人提供营业执照等材料，实现资质许可审批全程网办。推行建筑业企业资质告知承诺制审批。　　（三）精简优化工业产品生产流通等环节管理措施。做好国家下放重要工业产品生产许可证管理权限的承接工作。加强机动车生产、销售、登记、维修、保险、报废等信息的共享和应用，提升机动车流通透明度。对二手车市场及经销企业登记、注册、备案的规定进行全面清理，取消限制二手车市场及经销企业注册、备案数量等不合理规定。简化二手车经销企业购入机动车交易登记手续。待国家优化新能源汽车免征车辆购置税的车型目录和享受车船税减免优惠的车型目录发布程序，实现与道路机动车辆生产企业及产品公告“一次申报、一并审查、一批发布”后，落实好企业依据产品公告即可享受相关税收减免政策。　　（四）降低小微企业等经营成本。实行“一照多址”登记改革，无需前置审批的市场主体，住所和经营场所在同一县(市、区)范围内的，可申请在营业执照上加载经营场所地址，免于办理分支机构登记，简化企业设立分支机构的登记手续。在确保食品安全的前提下，合理放宽连锁便利店制售食品在食品处理区面积等方面的审批要求，将食品经营许可（仅销售预包装食品）改为备案，合理制定并公布商户牌匾、照明设施等标准。鼓励引导平台企业适当降低向小微商户收取的平台佣金等服务费用和条码支付、互联网支付等手续费，严禁平台企业滥用市场支配地位收取不公平的高价服务费。督促企业依法采取职业病防护措施，提供职业病防护用品，开展职业健康监护，在保障劳动者职业健康前提下，对职业病危害一般的用人单位适当降低职业病危害因素检测频次。在工程建设、政府采购等领域，允许投标人以保险、保函等替代现金缴纳涉企保证金，减轻企业现金流压力。　　三、优化外贸外资企业经营环境　　（一）进一步提高进出口通关效率。实行进出口货物“提前申报”，企业提前办理申报手续，海关在货物运抵海关监管作业场所后即办理货物查验、放行手续。优化进口“两步申报”通关模式，企业进行“概要申报”且海关完成风险排查处置后，即允许企业将货物提离。积极引导企业用好进口货物“船边直提”和出口货物“抵港直装”改革举措，与试点海关联动配合，加快通关速度。提升货物查验效能，严格按照布控查验指令实施货物查验，对被布控的集装箱货物优先采用机检查验方式，减少人工开箱检查，进一步提高货物查验效能。推行免到场查验，全面推广应用“疫情防控期间收发货人免于到场信息交互平台”，查验作业全程监控和留痕，由企业自主选择是否陪同查验，减轻企业人力负担。严禁口岸为压缩通关时间简单采取单日限流、控制报关等不合理措施。　　（二）拓展国际贸易“单一窗口”功能。按照国家部署和安排，加快“中国（河北）国际贸易单一窗口”功能，功能由口岸通关执法向口岸物流、贸易服务等全链条拓展，实现港口、船代、理货等收费标准上线公开、在线查询。除涉密等特殊情况外，进出口环节涉及的监管证件原则上都通过“单一窗口”一口受理，由海关、税务、海事、边防、市场监管、生态环境、交通运输、农业农村、商务等相关部门在后台分别办理并实施监管，实现企业在线缴费、自主打印证件。加大“单一窗口”应用推广力度，开展线上、线下多种形式培训，引导企业用好“单一窗口”，努力为企业提供全方位、多角度、便利化服务。　　（三）进一步减少外资外贸企业投资经营限制。支持外贸出口企业对接知名电商平台、设立外贸出口产品内销专区，推动出口产品转内销。实行以外贸企业自我声明等方式替代相关国内认证，对已经取得相关国际认证且认证标准不低于国内标准的产品，允许外贸企业作出符合国内标准的书面承诺后直接上市销售，并加强事中事后监管。　　四、进一步降低就业创业门槛　　（一）优化部分行业从业条件。督促取消除道路危险货物运输以外的道路货物运输驾驶员从业资格考试，将相关考试培训内容纳入相应等级机动车驾驶证培训，驾驶员凭培训结业证书和机动车驾驶证申领道路货物运输驾驶员从业资格证。落实执业兽医资格考试制度改革要求，便利兽医相关专业高校在校生报名参加考试。全面推动劳动者入职体检结果互认，减轻求职者负担。　　（二）促进人才流动和灵活就业。利用好国家专业技术人才职称信息跨地区在线核验成果，推行地区间职称互认。引导企业运用“共享用工”“兼职配送”“临时客服”等灵活就业新模式，提高人力资源配置效率。按照国家部署统一失业保险转移办理流程，简化失业保险申领程序。在保障安全卫生、不损害公共利益等条件下，坚持放管结合、统筹谋划、因地制宜，合理设定流动摊贩经营场所，实现流动摊点设置规范、活而不乱、便民不扰民和市容环境干净、整洁、有序。　　（三）完善对新业态的包容审慎监管。评估已出台的新业态准入和监管政策，坚决清理各类不合理管理措施。对新技术、新产业、新业态、新模式实行包容审慎监管，建立包容审慎监管目录库并动态调整。在保证医疗安全和质量前提下，进一步放宽互联网诊疗范围。将符合条件的互联网医疗服务按程序纳入医保报销范围。落实国家互联网医疗审批标准。加强对创新型医疗器械产品申报指导，优先组织开展检验，及时出具检验报告，优先办理质量管理体系核查，进一步压缩受理审评审批时限，加快推进临床应用。按照智能网联汽车自动驾驶功能测试统一标准，指导封闭场地测试结果实现省内外通用互认，督促封闭场地向社会公开测试服务项目及收费标准，简化测试通知书申领及异地换发手续，对测试通知书到期但车辆状态未改变的无需重复测试、直接延长期限。　　（四）增加新业态应用场景等供给。围绕城市治理、公共服务、政务服务等领域，鼓励地方搭建供需对接平台等为新技术、新产品提供更多应用场景。鼓励在条件成熟的特定路段及有需求的机场、港口、园区等区域探索开展智能网联汽车示范应用。深入贯彻落实国家关于政府及公共服务机构数据开放共享的规则，推动公共交通、路政管理、医疗卫生、养老等公共服务领域和政府部门数据有序开放。　　（五）提升科技创新活力。适应创新创业和小微企业发展需要，大力支持众创平台、创客空间等发展，提供“保姆式”创业服务。完善科技服务体系，为各类创新创业人员提供公益性、开放式、低成本的创新创业空间，打造从创新苗圃到孵化器、加速器等创新服务链条。提高创新质量，推动全社会增加高精尖领域创新投入，产出更多高质量创新成果。全省专利申请量年增速不低于15%。　　五、提升涉企服务质量和效率　　（一）提高政务服务水平质量。优化完善全省一体化政务服务平台功能，健全完善全省政务服务大数据库，依托人工智能、区块链、大数据、移动互联网等现代信息技术，推进跨地区、跨部门、跨层级数据共享与融合，推动更多事项全流程网上办理。围绕“办好一件事”，编制“一件事”办事指南，推动与创新创业、生产生活密切相关的高频办事服务套餐落地。健全完善企业信用修复机制，协助受疫情影响出现订单交付不及时、合同逾期等失信行为企业开展信用修复。梳理各类强制登报公告事项，依法依规做好各类强制公告的取消和调整工作，实现网上免费公告。加快实现政务服务事项的跨地区通办。　　（二）推进企业开办经营便利化。提升企业名称自主申报系统核名智能化水平。加快推动企业身份认证电子化水平，在批准企业设立的同时发放电子营业执照和电子印章，在税务、人力资源社会保障、公积金、商业银行等服务领域加快实现电子营业执照、电子印章应用。推行市场主体住所（经营场所）登记实行申报登记制，放宽小微企业、个体工商户登记经营场所限制。积极探索将一个行业准入涉及的多张许可证整合为一张许可证的“一业一证”改革，实现“一证准营”、跨地区互认通用。　　（三）提升招标投标服务便利度。积极建设完善电子招投标系统，发挥市场主体建设运营的电子招投标交易平台作用，实现所有依法必须进行招标的项目在线投标、开标。进一步优化开评标预约管理系统，实行开评标场地网上预约、网上办理，合理增加评标室，实现重点项目、服务疫情防控项目开评标等待时间不超过1天，一般项目预约场地等待时间不超过7天。　　（四）持续提升纳税服务水平。按照国家税务总局统一部署，开展全省增值税专用发票电子化推行工作，基本实现增值税专用发票电子化。不断拓展电子税务局网上办税功能，主要涉税服务事项基本实现网上办理。简化增值税等税收优惠政策申报程序，原则上不再设置审批环节。加强税务、海关、人民银行等部门数据共享，推行无纸化单证备案工作，将正常出口退税的平均办理时间压缩至5个工作日内。　　（五）进一步加强知识产权保护。制订加强新经济新业态知识产权保护的措施，支持我省新经济新业态发展。推进石家庄仲裁委员会“全国首批能力建设知识产权仲裁调解机制”试点工作，促进知识产权纠纷多元化解决。跟进国家商标平均审查周期压缩至四个月以内改革举措，做好政策宣传和配合执行工作。　　（六）强化中小微企业资金供给。不断完善河北省金融服务平台功能，开展形式多样的融资对接活动。鼓励引导商业银行适度拓宽抵押物范围，支持中小企业以应收账款、生产设备、产品、车辆、船舶、知识产权等动产和权利进行融资担保。应用好以担保人名称为索引的电子数据库，实现对担保品登记状态信息的在线查询、修改或撤销。推动规范和减免企业融资中的不合理收费，精简审批程序，提高信贷规模和比重。　　（七）加强土地要素保障。坚持要素跟着项目走，以真实有效的项目落地作为配置计划指标的依据，切实保障有效投资用地需求。对纳入省政府重大项目清单的项目用地，在批准用地时直接配置计划指标。加大批而未供和闲置土地盘活利用力度，增加土地供给。　　（八）保障企业合法生产经营。深入开展虚假诉讼专项整治活动，有效遏制恶意诉讼、无理缠讼等滥诉行为，依法保护民营企业正常经营活动。依法规范查封、冻结等财产执行措施，最大限度减少对企业正常生产经营活动带来的不良影响。继续筛选收集一批严厉打击侵害民营企业家合法权益的典型案例和宣告民营企业家无罪的典型案例，向社会适时公布，在全社会营造保护企业合法权益的良好氛围。　　（九）进一步强化生态环境差异化管控措施落实。按照《重污染天气重点行业应急减排措施制定技术指南（2020年修订版）》程序要求，将有关疫情防控重点企业列入生态环境监管正面清单管理，全面保障正常生产运行。完善生态环境监管正面清单动态调整机制，及时将符合条件的企业纳入正面清单。进一步做好政策宣贯辅导工作，帮扶企业对标先进水平提升治污能力，绩效评价为A级和引领性的企业，在重污染天气预警期间，可自主采取减排措施；B级及以下企业和非引领性企业，减排力度不低于《重污染天气重点行业应急减排措施制定技术指南（2020年修订版）》要求。　　六、完善优化营商环境长效机制　　（一）加大政策评估工作力度。贯彻落实国家政策评估指导意见，加强对重大政策事前、事后评估，推进政策更加科学精准、务实管用。　　（二）建立常态化政企沟通联系机制。建立常态化的市场主体意见征集机制，发挥河北省政企服务直通信息化平台、政企沟通协商季度座谈会等渠道作用，加强与企业和协会商会的常态化联系，及时听取市场主体反映和诉求，了解其困难和问题，研究提出有针对性的政策措施和解决方案，实现“政府端菜”向“企业点菜”转变。加快建设省级12345政府服务热线，推动各市、各部门按时完成与省级热线各项对接整合任务，进一步规范政务服务热线受理、转办、督办、反馈、评价流程，实现全省“一号对外、分级负责、归口管理”，及时回应企业和群众诉求。　　（三）强化惠企政策兑现。全面梳理已出台的惠企政策，形成政策清单，在统一的政策发布平台进行公布，为企业提供在线检索、订阅、匹配服务。加大惠企政策解读力度，线上线下结合，方式灵活多样，根据企业所属行业、规模等主动精准推送政策。县级政府出台惠企措施时要公布相关负责人及联系方式，实行政策兑现“落实到人”。推行惠企政策“免申即享”，通过政府部门信息共享等方式，实现符合条件的企业免予申报、直接享受政策。对确需企业提出申请的惠企政策，各有关部门要合理设置申请条件并列出清单在统一平台进行发布，简化申报手续，加快实现一次申报、全程网办、快速兑现。　　（四）推进重点地区营商环境率先突破。石家庄市等参加中国营商环境评价的设区的市，对标对表全国先进水平和标杆城市，在补短板、强弱项、上水平上下功夫，在2020年中国营商环境评价中营商环境便利度进入优良等次，成为更多指标的标杆城市。雄安新区、自贸试验区、各类开发区全面落实深化改革开放的支持政策，下硬功夫建设一流营商环境高地，在优化营商环境工作中走在前列。　　（五)进一步优化营商环境评价体系。以中国营商环境评价指标体系为主体并增加部分我省特色指标，构建我省营商环境评价指标体系。在对各设区的市、省直管县、雄安新区进行评价的基础上，将全部县（市）纳入评价范围。强化结果运用，依据评价结果确定“河北省优化营商环境推动高质量发展先进县（市、区）”。　　（六）强化督查问责力度。加快在河北省一体化在线政务服务平台建设营商环境投诉举报渠道，统一受理，分级办理。将常态检查、随机抽查、专项督查等方式有机集合，加大对破坏营商环境和侵害企业利益行为的督查问责力度。建立内部通报制度，对执行不力、推诿扯皮、效率低下、纪律松弛等行为进行通报，并依法依规依纪追责问责。　　附件：重点任务清单
",中小企业、民营经济发展政策,http://gxt.hebei.gov.cn/hbgyhxxht/zfxxgk/zc86/zxqymyjjfzzc27/index.html,http://gxt.hebei.gov.cn//hbgyhxxht/zfxxgk/fdzdgknr/ghjhzc/zxqymyjjfzzc/769086/index.html
河北省中小企业发展专项资金管理办法,2020-09-14,"
河北省财政厅河北省工业和信息化厅关于印发《河北省中小企业发展专项资金管理办法》的通知各市（含定州、辛集市）财政局、工业和信息化局，省财政直管县财政局、工业和信息化局，雄安新区改革发展局：　　为规范和加强专项资金管理，发挥财政资金的引导和激励作用，我们对《河北省中小企业发展专项资金管理办法》进行了修订，现将修订后的办法印发给你们，请遵照执行。　　附件：河北省中小企业发展专项资金管理办法　　河北省财政厅河北省工业和信息化厅　　2020年8月21日河北省中小企业发展专项资金管理办法　　第一章总则　　第一条为规范省级中小企业发展专项资金管理，充分发挥资金使用效益，改善中小企业经营环境，支持中小企业创业创新，促进中小企业健康发展，根据《中华人民共和国预算法》、《中华人民共和国中小企业促进法》、《河北省人民政府办公厅关于规范省级产业发展资金安排使用的通知》（冀政办字〔2018〕103号）等，制定本办法。　　第二条河北省中小企业发展专项资金(以下简称专项资金)是由省级预算安排，专项用于促进中小企业发展的资金。　　第三条专项资金的管理和使用应符合相关法律法规要求，遵循“政府引导、公开透明、创新引领、突出重点、注重绩效”的原则。　　第四条专项资金由省财政厅、省工业和信息化厅根据职责分工管理。　　省财政厅负责专项资金的预算管理和资金批复下达,负责对专项资金使用情况组织开展重点绩效评价。　　省工业和信息化厅负责专项资金项目管理工作，制定并发布项目指南，指导市、县和企业做好项目申报、筛选、论证工作，组织项目申报论证评审，提出专项资金安排使用方案报省政府审批，对专项资金使用管理等情况进行绩效评价和监督检查。　　第二章专项资金支持范围　　第五条专项资金安排严格落实《中小企业促进法》相关要求，围绕省委省政府重点工作，确定支持对象和支持内容。主要包括：　　（一）中小企业创业创新：主要支持中小企业“专精特新”发展和集聚发展，支持小微企业创业创新载体建设；　　（二）中小企业公共服务体系建设：主要支持中小企业公共服务示范平台、中小企业公共服务平台网络建设、运营，开展公益性服务活动和中小企业市场开拓；　　（三）中小企业融资服务体系建设：主要支持金融机构加大对中小企业融资支持，支持多渠道多方式融资，加大中小企业上市培育力度，改善中小企业融资环境；　　（四）优化中小企业发展环境：支持开展中小企业宣传，营造良好发展氛围。加强运行统计监测和调查分析，为政府和企业决策提供参考。　　第三章专项资金申报、审核和拨付　　第六条省工业和信息化厅分项制定和发布项目申报指南，项目申报指南需明确支持领域、支持方式、申报主体、申报条件、申报程序、申请材料、办理流程等。加强项目组织和审核论证，坚持公开公平、客观公正。　　第七条各市（含定州、辛集市）中小企业主管部门、雄安新区改发局按照省级发布的年度项目申报指南，组织本地区项目申报、筛选、论证，在规定的时间内上报省工业和信息化厅。省工业和信息化厅委托专家或第三方机构对需评审的项目组织评审、评估，拟定资金安排使用方案报省政府。　　在项目申报、审核、评审管理过程中，各市、县中小企业主管部门、雄安新区改发局对项目申报合规性、资料完整性负责。项目单位对专项资金申请材料内容真实性负责。　　第八条省财政厅根据省政府批准的专项资金使用方案和省工业和信息化厅报送的资金分配方案，按规定程序批复下达专项资金。专项资金分为省本级和对下转移支付。　　（一）省本级支出资金管理。省工业和信息化厅按照国库管理制度有关规定及时拨付资金。属于政府采购范围的，应当纳入政府采购预算。　　（二）对下转移支付资金管理。省财政厅按照规定程序正式将专项资金下达市县财政部门、雄安新区改发局。市县财政部门和雄安新区改发局按规定程序及时将专项资金拨付到项目单位。　　对下转移支付资金以项目法分配为主。支持方式分为以奖代补、后补助等方式。　　第九条项目实施过程中，对因执行不理想、偏离绩效目标的项目或因实施环境和条件发生重大变化需调整时，各市（含定州、辛集市）工业和信息化局、雄安新区改发局将调整情况上报省工业和信息化厅，并抄送本地财政部门。省工业和信息化厅商省财政厅按程序批准后进行调整或收回资金。　　第十条项目单位收到专项资金后，要建立项目台账、设立单独账册或账页。严格按照相关财务制度、会计制度做好账务处理，确保会计资料真实、完整、规范。　　第四章预算绩效管理和监督　　第十一条省工业和信息化厅要对专项资金实施全过程预算绩效管理。在编制预算时，要全面设置专项资金及项目绩效目标。绩效目标应包括产出、成本以及经济效益、社会效益、生态效益、可持续影响和服务对象满意度等绩效指标。建立预算执行“双监控”机制，对绩效目标实现程度和预算执行进度开展监控，发现问题及时纠正，确保绩效目标如期实现。　　第十二条年度预算执行终了，省工业和信息化厅对照年初设定的绩效目标，组织开展绩效自评，对绩效目标未完成的要分析原因，提出改进措施，并按规定程序和要求将评价结果报送省财政厅，作为改进预算管理、优化调整支出安排的重要依据。　　第十三条各市（含定州、辛集市）中小企业主管部门、雄安新区改发局要加强对专项资金使用情况的监督检查，对其进行总结分析，形成专题报告，按要求上报省工业和信息化厅。　　第十四条对截留、挤占、挪用、擅自调整、骗取专项资金的，按照《中华人民共和国预算法》、《财政违法行为处罚处分条例》(国务院令第427号)等有关规定追究相应责任；涉嫌犯罪的，移送司法机关处理。　　第五章附则　　第十五条本办法由省财政厅会同省工业和信息化厅负责解释。　　第十六条本办法自2020年9月21日起施行，有效期5年。
",中小企业、民营经济发展政策,http://gxt.hebei.gov.cn/hbgyhxxht/zfxxgk/zc86/zxqymyjjfzzc27/index.html,http://gxt.hebei.gov.cn//hbgyhxxht/zfxxgk/fdzdgknr/ghjhzc/zxqymyjjfzzc/769089/index.html
河北省县域特色产业集群数字化转型行动计划（2020-2022）,2020-07-03,"
　　为促进数字经济和产业集群深度融合，推动特色产业提质增效，助力县域经济发展壮大，打造新的竞争优势和经济增长点，实现新旧动能转换。根据《河北省数字经济发展规划（2020-2025）》部署要求，结合我省实际，制定本行动计划。　　一、总体要求　　（一）指导思想　　坚持以习近平新时代中国特色社会主义思想为指导，深入贯彻党的十九大和十九届二中、三中、四中全会精神，将数字化转型与精益化提升紧密结合，加快实现县域特色产业链条改造和集群聚变，深入推动“产业集群+数字平台”融合发展，发挥龙头企业的引领示范作用，汇聚一批数字化工具、平台和服务，带动集群企业展开群体性质量变革、效率变革、动力变革，做优做强做大特色产业集群，为实现县域经济高质量发展提供坚实支撑。　　（二）基本原则　　——整体推进、试点先行。树立系统化的数字化思维，从全链条全集群层面考虑数字化转型的战略、方向和路径，基于业界标准的工业互联网平台基础架构，集成开发相应的集群平台和数字化工具，围绕数据链进一步推进大中小企业融通发展。在107个重点集群中优选试点，结合产业特色和发展条件，展开各领域示范应用，发挥引领带动作用。　　——需求导向、重点突破。针对中小微企业的切实需求、特色产业的薄弱环节以及用户市场的最新动态，运用数字化思维与技术，结合多元化要素培育手段，激发龙头骨干企业和产业链关键环节优先开展数字化升级，以点带面支持县域特色产业数字化、网络化和智能化改造。　　——协调联动、开放共享。支持龙头企业和高校院所创新裂变、开放赋能，带动大中小企业融通发展。推动县域特色产业优化布局、优势互补，实现差异化协调发展。利用京津地区和东部沿海区域的高端要素，从更大范围撬动数字化转型资源，推动创新融通发展。　　（三）行动目标　　通过实施“筑基”“智造”“育新”三大工程，形成根植于河北的数字化供给能力，激活广大集群企业的数字化转型需求，实现生产要素和数字化资源有机连接，打造聚合发展的集群生态系统竞争力，支撑县域特色产业经济效益提升、发展结构优化、创新能力增强。　　到2022年，形成内生化、可持续的转型基础支撑，建成覆盖各层级、各场景的改造标杆，集成一批数据链与价值链融合的新业态新模式，数字化、网络化、智能化与107个重点集群加快融合，并培育出15个关键工序数控化率提升5%以上，业务信息系统（ERP、MES等）普及率提升8%以上，数字化研发设计工具应用率提升10%以上，电子商务覆盖率提升20%以上且年营业收入增速达8%、产值超百亿元的数字化特色产业集群。　　二、重点任务　　（一）实施“筑基”工程，夯实数字化转型根基　　1.改善精益制造基础。立足集群特色，开展精益理论宣贯和实操工具培训，将以精益管理为方法基础、以信息技术为工具载体的数字精益理念、规范、标准落实到集群企业。结合“百场万家”公益服务活动，加快普及电子看板和小程序管理体系，鼓励建立质量控制标准和工艺流程规范，通过重新梳理价值环节、布置工作现场、指派任务分工，实现对人机料法环的全面掌握和集约管控。到2022年，集群规上企业数字精益普及率达到60%。（牵头单位：省工业和信息化厅、省发展改革委、省市场监管局；责任单位：各市（含定州、辛集市）政府、雄安新区管委会、各县（市）政府，以下简称“各市县政府”）　　2.提升要素禀赋基础。从本地供给端发力，丰富要素禀赋数字化内涵。将数字化思维和技能提升纳入经营管理者培训和企业内部培训，培育数字化管理者、工程师和技术人员，引导企业家树立开放式跨界融合思维。鼓励集群企业利用国家“新基建”契机，通过小程序、在线系统等手段整合数字化资源，打通数据链路，消除数据壁垒，实现设计、生产、服务、管理等各类要素禀赋数字化集成共享。到2022年，对300名企业家和管理人员、1000名工程技术人员展开数字化专项培训。（牵头单位：省工业和信息化厅；责任单位：省人力资源社会保障厅、省发展改革委，各市县政府）　　3.优化融通发展基础。加快数字化资源供给与县域特色产业需求融合对接。推动联通河北省分公司、金蝶石家庄等服务机构和集群深度合作，共建“数字化诊所”，就网络、平台、标准等智能制造发展基础建设展开探索，构建数字化转型的评价诊断体系。支持资源池企业深入集群内部，成立“数字化工坊”，形成经济适用的解决方案，进行对接改造。鼓励河钢数字、中信戴卡等有能力、有基础的省内龙头企业嫁接数字化资源、加快服务型延伸，形成“数字化帮扶小组”，对接县域特色产业集群和产业链进行赋能，引领大中小企业融通发展的互助共进格局。到2022年，开展10组“龙头企业-重点集群”定点对接。（牵头单位：省工业和信息化厅；责任单位：省发展改革委、省科技厅、省市场监管局，各市县政府）　　（二）实施“智造”工程，推动数字化改造升级　　1.支持龙头企业智能化改造。开展集群平台培育行动，支持具有综合集成能力的省内外工业互联网企业，搭建符合本地产业集群特色的工业互联网基础架构，鼓励有条件的龙头企业基于统一基础架构进行二次开发，带动产业链上下游企业协同、聚集发展。推动涿州汽车零部件制造、固安电子信息（新型显示）等先进制造产业集群优化数据资源利用，开展多层次的大数据和信息化应用服务，强化业务流程数字化管控。鼓励辛集皮革、定州体育器材等企业数量多、单体规模小的产业围绕物流仓储、财务结算等环节，完善经济适用的“小程序”生态。支持泊头铸造、大城绝热节能材料等高能耗产业集群面向生产控制与优化、节能减排，运营高效灵活的适应性系统。到2022年，全省培育10个各具特色的产业集群级互联网平台。（牵头单位：省工业和信息化厅；责任单位：省发展改革委、省商务厅、省生态环境厅，各市县政府）　　2.开展车间现场持续微改造。围绕县域特色产业数字化转型痛点堵点，支持重点集群和龙头企业应用低成本数字化技术、设备和系统，持续开展针对车间现场内任意单元或模块的数字化微改造、微创新。加快食品、纺织服装、医药、建材、体品等流程型产业车间对生产线进行分段改造，鼓励应用自动化生产单元，实施生产过程智能控制和可视化监控。推动汽车、电子信息、装备制造等离散型产业车间普及数字化控制系统、计划排产系统和管理信息系统，实现生产设备、装备互联互通。到2022年，全省参与数字化微改造的车间数量达到300个以上。（牵头单位：省工业和信息化厅；责任单位：省发展改革委，各市县政府）　　3.加快生产资源云化改造。因地制宜、一群一策，推动集群企业向云端有序迁移、上云用云，引导数字化服务商面向集群企业推出云制造和云服务平台系统，加快技术流、物流、人流、资金流在云上连接融合。重点推动隆尧食品、遵化食品、白沟箱包等消费品产业集群“业务链上云”，利用云上信息系统整合发布生产资源和市场供需信息，实现业务有效对接转化。支持安国中药、临西轴承等供给侧改革重点产业集群“供应链上云”，基于云平台对全生命周期进行跟踪管理和动态追溯，优化供应链效率。鼓励曲周生物健康、沧县药包材、昌黎葡萄酒等高附加值产业集群“价值链上云”，面向研发设计、测试实验、生产制造等关键价值环节，建设集成开放的上云供给资源池，提升要素配置和使用效率。到2022年，集群骨干企业上云率达到60%。（牵头单位：省工业和信息化厅；责任单位：省发展改革委、省商务厅，各市县政府）　　4.鼓励集群园区示范改造。充分发挥县域特色产业的集聚效应和网络效应，以龙头企业为牵引，探索联合改造、互助改造的智造集群模式，建设智能制造示范园区。重点推动清河羊绒、高阳纺织、无极皮革等比较优势产业集群，完善IT基础设施和集群平台建设，促进在研发、设计、生产、销售等各层级数据资源的端到端集成创新。支持怀安汽车、河间再制造等产业集群，通过开展关键管控软件一体化规划设计及全覆盖应用，全面提升价值流程效率，有效压缩产品开发周期，提升产业化迭代速度。到2022年，建成8个覆盖主要行业的智能制造示范园区。（牵头单位：省工业和信息化厅；责任单位：省发展改革委、省商务厅、省科技厅，各市县政府）　　（三）实施“育新”工程，促进数字化创新应用　　1.推广新型研发设计。鼓励集群企业开放云端创新资源，推动开发工具、设计组件以及工艺参数、专业知识的灵活调取和共享复用，在数字化技术应用和新产品开发上形成经济性。重点推动黄骅汽车及零部件、广宗和平乡自行车等零部件系统紧密耦合的产业集群基于智能传感连接和海量数据采集，采用计算机辅助设计和虚拟仿真设计等先进手段展开产品创新，不断丰富产品的数字化内涵和功能。鼓励定州汽车及零部件、成安现代装备制造等产业集群，发挥大企业的带动作用，向中小微企业开放平台入口、数据信息、计算能力等创新资源，展开基于产业链的网络协同研发与设计。支持曲周自行车（童车）、邱县食品、平泉食用菌等劳动密集度较高的产业集群开放众创、众包的研发设计虚拟社区，面向更多社会资源，获取更贴合用户的设计创意，构建差异化、特色化产品体系。到2022年，培育新型研发设计示范集群10个以上。（牵头单位：省工业和信息化厅；责任单位：省发展改革委，各市县政府）　　2.培育新型制造模式。利用5G、人工智能、物联网等新一代信息技术进一步集成智能装备和信息系统，形成现代化的制造体系。重点支持清河羊绒、永清服装设计、滦南锹等生命周期较短的产业集群发展个性化定制、柔性制造，应用柔性制造单元和柔性制造系统，构建模块化生产线，灵活满足各类生产需求，加速产品创新迭代。推动安平丝网、武邑金属橱柜等产业集群基于ERP、MES系统的集成联通，全面整合共享生产设备、研发设施和制造能力，提高集群内部的产能利用率。到2022年，培育个性化定制或柔性制造试点企业20家以上，形成共享制造试点集群5个以上。（牵头单位：省工业和信息化厅；责任单位：省发展改革委，各市县政府）　　3.拓展新型市场网络。整合市场和渠道资源，树立统一标准，建设统一品牌，构建集群新型营销网络。重点鼓励纺织服装、食品等直接贴近终端市场的产业集群，构建直播电商、社交电商等新型场景，形成电商引流、订单转化、在线服务的全链闭环。推动各类产业集群建设集成化电商体系，促进网络分销、电子商务物流等新业态新模式发展，支持打造大宗商品现货交易平台，发展产销协同、精准对接的网络营销模式。到2022年，培育20个具有全国影响力的电商平台或集群品牌。（牵头单位：省工业和信息化厅；责任单位：省商务厅、省发展改革委，各市县政府）　　4.探索新型集群服务。发挥集群企业、行业协会、高校院所与省内外创新机构等多元化主体在县域特色产业数字化转型中的关键作用，重点通过健全检验检测、标准认证等质量技术基础建设，引领赋能产业创新迭代的新模式。支持纺织服装、食品等准入门槛较低的产业集群面向全省同类集群，基于与相关行业标准、国家标准的互联互认，构建线上线下一体化的特色检测项目。鼓励装备制造、汽车等开发验证周期较长的产业集群构建数字化、虚拟化、人工智能辅助的验证和检测平台，实现自动化校核、在线化检测。到2022年，全省新建或改造30个能够满足特色产业基本测试需求的检验检测中心。（牵头单位：省市场监管局、省工业和信息化厅；责任单位：省科技厅、省商务厅、省民政厅、省发展改革委，各市县政府）　　三、保障措施　　（一）加强组织领导　　省县域特色产业振兴工作领导小组组织推进县域特色产业数字化转型工作，在省市县三级建立职责清晰、协调推进的联动机制，省级统筹谋划、各部门协同发力，压实市县责任、推动任务落实。　　（二）强化政策支持　　落实支持县域特色产业数字化转型的政策措施和配套制度，支持相关技术改造项目和示范园区建设，在行政审批、环境评估等方面开辟绿色通道、给予优先安排。推动重大创新资源开放共享，提高财政支持的科研仪器、实验能力和数字化设施的利用效率。　　（三）优化要素保障　　推动各地盘活存量建设用地，支持县域特色产业入园发展以及智能制造示范园区建设。建立多元化投入机制，加大各级财政专项和政府采购资金向数字化转型倾斜。构建产业化与数字化复合人才体系，推动数字化公共实训基地建设。　　（四）营造转型环境　　建立健全跟踪服务机制，对行动计划落实情况展开定期督查和不定期调研，切实协调解决数字化转型中的有关问题。总结推广一批典型做法和成功经验，激发集群企业数字化转型的内生动力，推动产业集群高质量发展。
",中小企业、民营经济发展政策,http://gxt.hebei.gov.cn/hbgyhxxht/zfxxgk/zc86/zxqymyjjfzzc27/index.html,http://gxt.hebei.gov.cn//hbgyhxxht/zfxxgk/fdzdgknr/ghjhzc/zxqymyjjfzzc/769092/index.html
关于应对新冠肺炎疫情支持中小企业共度难关的若干措施,2020-03-02,"
河北省关于应对新冠肺炎疫情支持中小企业共度难关的若干措施.pdf
",中小企业、民营经济发展政策,http://gxt.hebei.gov.cn/hbgyhxxht/zfxxgk/zc86/zxqymyjjfzzc27/index.html,http://gxt.hebei.gov.cn//hbgyhxxht/zfxxgk/fdzdgknr/ghjhzc/zxqymyjjfzzc/669059/index.html
全省中小企业促进工作开展情况和下一步工作举措,2019-09-26,"
冀民经办〔2019〕8号各市（含定州、辛集市）人民政府，雄安新区管委会，省民营经济领导小组成员单位，省有关部门：　　为贯彻落实《中华人民共和国中小企业促进法》，促进中小企业健康发展，按照许勤省长的批示意见，我厅组织有关部门认真分析我省中小企业发展状况和发展环境，总结今年以来中小企业促进工作，研究提出了下一步工作举措，现予以印发。请各地、各有关部门结合职责分工切实抓好落实。　　附件：全省中小企业促进工作开展情况和下一步工作举措.doc　　河北省民营经济领导小组办公室　　2019年9月26日
",中小企业、民营经济发展政策,http://gxt.hebei.gov.cn/hbgyhxxht/zfxxgk/zc86/zxqymyjjfzzc27/index.html,http://gxt.hebei.gov.cn//hbgyhxxht/zfxxgk/fdzdgknr/ghjhzc/zxqymyjjfzzc/669062/index.html
河北省中小企业公共服务示范平台认定管理办法,2019-08-23,"
　　河北省工业和信息化厅　　关于印发《河北省中小企业公共服务示范平台认定管理办法》的通知各市（含定州、辛集市）工业和信息化局、雄安新区改革发展局：　　为贯彻落实国家和我省促进中小企业发展的政策措施，推动中小企业公共服务平台建设，支持中小微企业又好又快发展，按照工业和信息化部《国家中小企业公共服务示范平台认定管理办法》（工信部企业﹝2017﹞156号），结合我省实际，重新修订了《河北省中小企业公共服务示范平台认定管理办法》，现印发给你们，请遵照执行。　　河北省工业和信息化厅　　2019年8月22日河北省中小企业公共服务示范平台认定管理办法.doc
",中小企业、民营经济发展政策,http://gxt.hebei.gov.cn/hbgyhxxht/zfxxgk/zc86/zxqymyjjfzzc27/index.html,http://gxt.hebei.gov.cn//hbgyhxxht/zfxxgk/fdzdgknr/ghjhzc/zxqymyjjfzzc/669065/index.html
河北省小微企业降费工作方案,2015-06-12,"
冀减负〔2015〕1号各设区市人民政府，省直管县（市）人民政府，省减轻企业负担领导小组成员单位及省有关部门：为深入贯彻落实《国务院办公厅关于进一步加强涉企收费管理减轻企业负担的通知》（国办发〔2014〕30号）等一系列决策部署，切实减轻小微企业负担，根据省长办公会议决定，省减轻企业负担领导小组制定了《河北省小微企业降费工作方案》（见附件），经省政府同意，现印发你们，请认真贯彻落实。附件：河北省小微企业降费工作方案河北省减轻企业负担领导小组2015年4月8日附件：河北省小微企业降费工作方案小微企业是吸纳就业的重要渠道，是推动经济社会发展的重要力量，是大众创业、万众创新的重要阵地，为小微企业清障搭台、减轻负担，对于全面深化改革、推进阳光行政、稳定经济增长、鼓励创业创新具有十分重要的意义。为贯彻落实《国务院办公厅关于进一步加强涉企收费管理减轻企业负担的通知》（国办发〔2014〕30号）等一系列决策部署，切实减轻小微企业负担，促进小微企业健康快速发展，结合我省实际，制定如下工作方案。一、工作目标认真贯彻党的十八大和十八届三中、四中全会精神，按照国务院和省政府减轻企业负担工作部署，本着“合情合理、合规合法、阳光透明”的要求，在省市县三级开展小微企业降费工作，全面清理规范行政事业性收费、政府性基金和行政审批前置服务收费，及时制定、公布涉及小微企业的收费项目清单和收费标准清单，最大限度为小微企业降费减负，着力打造与京津冀协同发展相适应的小微企业发展政策环境。到2017年底，力争使我省成为全国小微企业收费项目最少的省份之一。二、基本原则（一）坚持多措并举。针对小微企业成长发展需求和面临的困难，按照国家有关政策要求，以收费项目清单为依据，能取消的取消、能合并的合并，不宜取消、合并的，采取缓征、降低收费标准、财政代缴、减免地方留成等多种方式，最大限度为小微企业降费减负。（二）坚持减免与规范并重。收费减免与规范同步实施，对于合规收费项目，按照能免则免、能减则减的原则，对小微企业切实予以减免。进一步清理规范行政事业性收费和政府性基金，坚决取缔清单之外的乱收费项目。规范清理行政审批前置中介服务收费。（三）坚持省市县同步推进。在省市县三级全面启动小微企业降费工作，注重分批推进、区别对待，按照成熟一批、研究一批、推进一批的原则，科学有序推进，强化工作落实的时限性。（四）坚持试点示范带动。在衡水市、邢台市威县等地积极开展小微企业降费工作试点，培育典型，总结经验，全面推广。省直有关部门要积极创造条件，支持市县从实际出发，制定新措施、走出新路子，创新开展小微企业降费工作，鼓励有条件的县（市、区）推行“零收费”等扶持小微企业发展的政策措施。三、实施步骤（一）2015年3月底前，由相关部门提出涉及小微企业行政事业性收费和政府性基金减免项目（第一批），由省财政厅、省物价局按照有关程序和规定进行审核后及时向社会公布。（二）2015年6月底前，制定公布省级、各设区市、省直管县（市）、县（市、区）涉及小微企业的收费清单和收费标准清单（包括行政事业性收费、政府性基金、行政审批前置服务收费和协（学、商）会收费）。（三）2015年7月至9月底，对清单之外的乱收费项目进行清理规范，组织开展综合执法，坚决予以取缔，确保整改到位。（四）2015年12月底前，对小微企业降费情况开展年度评估工作，总结经验，查找不足，提出针对性措施建议。（五）2016年至2017年，巩固提高工作成果，持续加大工作力度，着力减轻小微企业负担，营造支持小微企业发展的良好环境。四、重点工作（一）制定涉及小微企业的收费清单。由省财政厅、省物价局、省法制办牵头，各级各有关部门参与，抓紧编制省、设区市、省直管县（市）、县（市、区）涉及小微企业的行政事业性收费、政府性基金和行政审批前置服务收费、协（学、商）会收费项目清单和收费标准清单，2015年6月底前向社会公开发布。由省物价局、省法制办牵头，对清单之外的乱收费项目进行通报，组织开展综合执法，坚决予以取缔。（二）大力减免行政事业性收费和政府性基金。由省财政厅、省物价局牵头，会同有关部门，对现有行政事业性收费和政府性基金进行全面清理，针对小微企业进一步提出具体减免意见。省国税局、省地税局配合做好对代征项目中涉及取消和减免政策的落实。（三）规范清理行政审批前置服务收费和协（学、商）会收费。由省物价局、省编办牵头，会同省有关部门，以规范行政审批前置服务收费为重点，集中力量清理收费项目、规范收费标准，进一步提出减免措施，坚决整治“红顶中介”问题。由省民政厅牵头，会同有关部门，进一步规范协（学、商）会对小微企业的收费项目和标准，坚决清理行业协会乱收费行为。（四）开展小微企业降费评估工作。由省工业和信息化厅（省减轻企业负担领导小组办公室）、省统计局负责，针对涉及小微企业降费情况每年进行一次评估，对各地各部门小微企业降费工作开展情况定期进行评价通报。五、保障措施（一）高度重视，加强领导。各级政府（减轻企业负担领导小组）和有关部门要站在事关改革发展全局的高度，提高认识，加强领导，强力推动。各级政府（减轻企业负担领导小组）每年都要结合评估情况和存在的问题，再动员再部署，进一步明确减免目标，落实减免项目，确保小微企业降费工作有较大进展。（二）强化责任，狠抓落实。各级减轻企业负担领导小组办公室（各级工业和信息化主管部门）要进一步完善职能，加强对减轻小微企业缴费负担工作的研究谋划、组织推动、统筹协调、督导考核、政策宣传等工作。各级牵头部门要履职尽责，以改革创新的勇气、坚决有力的措施推进小微企业降费工作任务的落实。相关部门要密切配合，积极支持，形成工作合力。各级收费部门一把手负总责、亲自抓，抽调精干力量，组成专门班子，下大力量对本部门涉及小微企业收费进行认真清理，主动采取有力有效措施切实为小微企业降费减负。（三）加强宣传，强化督导。各级政府（减轻企业负担领导小组）和有关部门要切实加强对小微企业降费政策的宣传，积极培树降费典型，公开曝光违规案例，进一步营造减轻小微企业缴费负担、扶持小微企业健康发展的良好氛围。加强督导检查，进一步完善举报机制，严厉查处各种违规收费行为。
",中小企业、民营经济发展政策,http://gxt.hebei.gov.cn/hbgyhxxht/zfxxgk/zc86/zxqymyjjfzzc27/index.html,http://gxt.hebei.gov.cn//hbgyhxxht/zfxxgk/fdzdgknr/ghjhzc/zxqymyjjfzzc/669071/index.html
关于扶持小型微型企业健康发展的实施意见,2015-05-05,"
各设区市人民政府，各县（市、区）人民政府，省政府各部门：　　为贯彻落实《国务院关于扶持小型微型企业健康发展的意见》（国发〔2014〕52号）精神，破解小型微型企业（含个体工商户）发展面临的突出困难和问题，扶持小型微型企业健康发展，提出如下实施意见：　　一、充分发挥财政资金的引导作用　　逐步加大各级财政对小型微型企业的支持力度，完善中小企业发展专项资金管理办法，将小型微型企业纳入支持范围，明确支持方向和重点，逐年扩大规模，重点支持科技型企业创新发展。筛选和培育一批小型微型企业创业投资机构、担保机构、公共服务机构和科技型小型微型企业创新项目，择优向国家推荐，争取国家专项资金支持。发挥财政资金的引导作用，通过政府购买服务等方式，进一步引导各类机构服务小型微型企业。（省工业和信息化厅、省财政厅、省科技厅、省商务厅、省发展改革委、省工商局等部门负责）　　二、打通税收政策落实“最后一公里”　　认真落实国家有关减免企业增值税、营业税、企业所得税以及进口国家鼓励发展项目所需的国内不能生产的自用先进设备关税、固定资产加速折旧企业所得税等税收优惠政策，开展“送政策上门”服务，强化考核监督，确保小型微型企业应享受的优惠政策享受到位。（省财政厅、省国税局、省地税局、省工商局、省工业和信息化厅、石家庄海关等部门负责）　　三、加大小企业创业基地建设力度　　围绕产业发展特点，明确建设重点，增强中小企业创业辅导基地、科技企业孵化器、商贸企业集聚区吸纳和服务小型微型企业的能力，大力发展众创空间，支持小型微型企业参与“互联网+”行动，实现创新发展。支持在省级以上经济技术开发区、高新技术产业开发区内设立小型微型企业产业园和小型微型企业孵化器。推动建立京津冀科技企业孵化器联盟。充分发挥创业扶持资金的作用，通过政府购买服务等方式，扶持省级示范创业孵化基地（园区）建设。鼓励大中型企业带动产业链上的小型微型企业发展，对带动小型微型企业达到一定数量，产业集聚和抱团发展成效显著的，省级中小企业发展专项资金、中小企业科技专项资金予以支持。（省工业和信息化厅、省科技厅、省商务厅、省人力资源社会保障厅、省财政厅等部门负责）　　四、支持小型微型企业吸纳就业人员　　按照小型微型企业用工需求，积极为其提供招聘服务。指导小型微型企业开展订单培训、定向培训和岗前培训，落实好职业培训补贴和职业技能鉴定补贴。小型微型企业吸纳就业困难人员就业，签订1年以上期限劳动合同并缴纳社会保险费的，在相应期限内可给予不超过3年的社会保险补贴。毕业2年内高校毕业生、就业困难人员、残疾人、因化解过剩产能和治理大气污染涉及企业失业人员，初次创办小型微型企业的，可给予创业者不超过3年的社会保险补贴。自工商登记注册之日起3年内，对安排残疾人就业未达到规定比例、在职职工总数20人以下（含20人）的小型微型企业，免征残疾人就业保障金。（省人力资源社会保障厅、省财政厅、省残联等部门负责）　　五、引导各类基金投资小型微型企业　　支持省内股权投资、创业投资等基金发展，不断壮大投资基金实力，加大对小型微型企业的投资力度。逐步扩大省科技型中小企业创业投资引导基金规模，组织实施“苗圃”、“雏鹰”、“科技小巨人”三项工程，培育一批科技型中小企业。积极搭建国家各类基金与小型微型企业对接平台，大力引导创业投资基金、天使基金、种子基金投资我省小型微型企业。鼓励各级政府设立的创业投资引导基金投资小型微型企业。（省科技厅、省财政厅、省发展改革委、省工业和信息化厅、省商务厅、河北证监局等部门负责）　　六、小额担保贷款支持小型微型企业发展　　将创业者创办的小型微型企业纳入小额担保贷款扶持范围，对创业初期自筹资金不足的，可按规定申请最高额度10万元的小额担保贷款。创办劳动密集型小企业吸纳就业达到规定比例，签订1年以上期限劳动合同并缴纳社会保险费的，可按规定申请最高额度200万元、期限不超过两年的贴息贷款。（省人力资源社会保障厅、省财政厅等部门负责）　　七、支持小型微型企业在资本市场融资　　继续实施“个转企、小升规、规改股、股上市”扶持政策，鼓励小型微型企业在创业板、“新三板”和石家庄股权交易所等资本市场挂牌交易。组织开展债券融资，推动小型微型企业发行集合债券；鼓励符合条件的银行业金融机构发行金融债券，筹集资金专项用于小型微型企业贷款。（省金融办、河北证监局、人民银行石家庄中心支行、省发展改革委、省科技厅、省工业和信息化厅、省财政厅等部门负责）　　八、组建省级再担保机构和促进银政担合作　　加快组建省级融资性再担保机构。加大对小型微型企业融资担保的财政支持力度，综合运用业务补助、增量业务奖励、资本投入、代偿补偿、创新奖励等方式，引导担保、金融机构和外贸综合服务企业等为小型微型企业提供融资服务。探索实施政银合作新模式，按照国家政策先行运用10亿元以上间歇的财政国库资金进行增值运作，以增值收益引导设立小型微型企业贷款风险补偿资金，建立银政担支持小型微型企业风险分担机制。各级政府要将风险分担机制建设和运行情况作为对金融机构金融贡献奖评比的重要条件，进一步促进银政担合作。（省工业和信息化厅、省财政厅、省金融办、省发展改革委、省科技厅、省商务厅、省人力资源社会保障厅、人民银行石家庄中心支行、河北银监局等部门负责）　　九、鼓励银行业金融机构增加小型微型企业信贷投放　　建立健全政府、金融机构、小型微型企业会商机制，引导银行业金融机构增加对小型微型企业贷款投放，加大考核力度，采取多种方式给予奖励。打击恶意逃废银行债务行为，依法维护金融债权，构建良好金融生态环境。（省金融办、河北银监局、省科技厅、省工业和信息化厅、省财政厅、省商务厅、人民银行石家庄中心支行、省公安厅等部门负责）　　十、大力发展小型金融机构　　做好金融机构引进工作，吸引更多的金融机构入驻我省，增强金融市场活力。鼓励和引导金融机构在县域及以下增设机构网点，设立小微支行、社区支行等特色支行。积极发展村镇银行，推动县级信用联社改制为农村商业银行。稳步推进小额贷款公司试点工作，重点发展科技、扶贫等多形式小额贷款公司，适当提高小额贷款公司融资比例。（省金融办、河北银监局、人民银行石家庄中心支行、省财政厅、省科技厅、省工业和信息化厅、省商务厅等部门负责）　　十一、创新小型微型企业金融产品　　鼓励金融机构科学调整信贷结构，针对小型微型企业的特点和融资需求特征，积极开展贷款模式、产品和服务创新，加强研发和推广新型融资方式、服务手段、信贷产品和抵质押方式。支持金融机构与园区、行业协会、商会合作，开展产业链融资、商业圈融资和企业群融资，为小型微型企业开发特色产品，对小型微型企业贷款进行批量操作，有关地方政府要提供便利条件。充分利用互联网等新技术、新工具，创新网络金融服务模式。大力支持省小额票据贴现中心发展，推动小额票据贴现分中心市级全覆盖并向试点县延伸。支持具有出口信用保险业务资格的保险机构针对小型微型企业的特点和需求，创新产品和服务，扩大小型微型企业出口信用保险覆盖范围。积极开展知识产权质押、应收账款质押、动产质押等抵质押贷款业务，以及应收账款、供应链保理融资和票据贴现等融资服务。支持银行业金融机构单列小型微型企业信贷计划，并报监管部门备案。（河北银监局、河北保监局、人民银行石家庄中心支行、省财政厅、省工业和信息化厅、省科技厅、省商务厅、省金融办等部门负责）　　十二、加强对银行业金融机构的监管和绩效考核　　引导商业银行落实国家“提前续贷审批、设立循环贷款、实行年度审核制度”等贷款措施，推动小型微型企业滚动融资，建立完善金融服务内部流程，提高贷款审批和发放效率。深入开展小型微型企业信贷政策导向评估。引导银行业金融机构设立并完善服务小型微型企业成效指标，监管部门将服务小型微型企业成效作为法人机构监管评级的重要参考因素，并在对高管履职考核中予以体现。（河北银监局、人民银行石家庄中心支行负责）　　十三、吸引高校毕业生到小型微型企业就业　　高校毕业生到小型微型企业就业的，其档案可由当地市、县公共就业人才服务机构免费保管。（省人力资源社会保障厅、省工业和信息化厅、省工商局等部门负责）　　十四、建立支持小型微型企业发展的信息互联互通机制　　依托工商行政管理部门的企业信用信息公示系统，建立小型微型企业名录，集中公开各类扶持政策及企业享受扶持政策的信息。通过统一的信用信息平台，汇集工商注册登记、行政许可、税收缴纳、社保缴费等信息，推进小型微型企业信用信息共享，促进小型微型企业信用体系建设。通过信息公开和共享，利用大数据、云计算等现代信息技术，推动部门和银行、证券、保险等专业机构提供有效服务。加强对重点小型微型企业的跟踪调查，强化运行监测分析。（省工商局、省发展改革委、省国税局、省地税局、省工业和信息化厅、省人力资源社会保障厅、人民银行石家庄中心支行、省质监局、省统计局等部门负责）　　十五、开展小型微型企业信用评级　　加强部门间信息沟通与共享，完善小型微型企业数据库，开展小型微型企业信用评级试点。大力培育发展信用信息评价机构，为企业增信提供服务。（省工业和信息化厅、人民银行石家庄中心支行会同省工商局、省发展改革委、省财政厅、省科技厅、省商务厅、省统计局、省金融办、河北银监局等部门负责）　　十六、完善小型微型企业公共服务体系　　继续加大中小企业公共服务平台建设力度，加强工作指导和监督。加快省中小企业公共服务平台网络建设，实现省枢纽平台与窗口平台互联互通，为小型微型企业提供“找得着、用得起、有保障”的服务。加大政府购买服务力度，引导服务机构为小型微型企业免费提供管理指导、技能培训、市场开拓、标准咨询、检验检测认证、远程教育、法律咨询等服务。（省工业和信息化厅、省财政厅、省科技厅、省商务厅、省质监局等部门负责）　　十七、进一步减轻小型微型企业负担　　按照“合情合理、合规合法、阳光透明”原则，针对小型微型企业成长发展需求和面临的困难，抓紧研究制定全省小型微型企业降费工作方案，在省、市、县三级同时推进。进一步清理规范行政事业性收费、政府性基金和行政审批前置中介服务收费，能取消的取消、能合并的合并，不宜取消、合并的，要创新工作方式，采取缓征、降低收费标准、财政代缴、减免地方留成等多种方式，最大限度为小型微型企业减轻负担。坚持减免收费与规范收费同步进行，尽快编制小型微型企业收费项目和收费标准清单，组织开展综合执法，对违规乱收费的坚决予以查处。各地要紧密结合各自实际，积极创造条件，研究制定降费减负的创新性措施，鼓励有条件的县（市、区）实行“零收费”，着力激发市场活力，推动大众创业、万众创新。（省工业和信息化厅、省发展改革委、省财政厅等部门负责）　　各地各部门要切实落实好国家和省扶持小型微型企业政策，加大政策解读、宣传力度，简化办事流程，提高服务效率，确保各项政策落实到位。链接：我省出台新规扶持小微企业健康发展.html河北省人民政府2015年4月24日
",中小企业、民营经济发展政策,http://gxt.hebei.gov.cn/hbgyhxxht/zfxxgk/zc86/zxqymyjjfzzc27/index.html,http://gxt.hebei.gov.cn//hbgyhxxht/zfxxgk/fdzdgknr/ghjhzc/zxqymyjjfzzc/669068/index.html
