标题,时间,内容,一级类别,来源网站,访问地址,附件链接
河北省教育厅2023年政府信息公开工作年度报告,2024年01月26日,"本报告根据《中华人民共和国政府信息公开条例》（以下简称《条例》）和《河北省实施<中华人民共和国政府信息公开条例>办法》要求编制。全文包括总体情况、主动公开、依申请公开、政府信息管理、平台建设、其他需要报告的事项等六部分。本年度报告中所列数据统计期限从2023年1月1日起至2023年12月31日止。一、总体情况2023年，省教育厅坚持以习近平新时代中国特色社会主义思想为指导，全面贯彻党的二十大精神，认真落实党中央、国务院和省委、省政府关于政务公开工作的决策部署，坚持以人民为中心，不断完善政务公开制度，有效推进政务新媒体建设，持续加强政府信息资源的规范化、标准化、信息化管理，努力为建设教育强省提供信息支撑，为办好人民满意的教育提供更优质信息保障。（一）主动公开情况始终遵循“以公开为常态，不公开为例外”的原则，持续拓展细化信息主动公开工作。一是聚焦热点问题回应群众关切。紧紧围绕教育重点领域，通过网站发布、微信公众号、新闻发布会等多种形式，深度解读“双减”政策、家校社协同发展、职业教育职普融通、教师队伍建设等群众关心关注的热点问题。二是深化重点领域信息主动公开。发布政策类文件89条、重要政策文件解读20条；发布基础教育信息30条、职业教育信息13条、高教科研信息15条、教师队伍信息9条；公开省人大代表建议和省政协委员提案复文112条。三是规范公共服务信息公开。持续推进行政许可、行政执法事项清单公开工作，及时主动公开“双随机、一公示”抽查工作计划和监管工作方案。（二）依申请公开情况严格落实法律法规，持续优化工作机制，进一步规范政府信息申请公开工作。强化服务意识，加强沟通联系，将依申请公开工作作为密切联系人民群众的重要桥梁。通过线上、线下申请渠道，规范政府信息公开申请各环节工作，及时处理答复，提升办理效率，不断提高人民群众满意度。全年收到公民、法人和其他组织政府信息公开申请共19件，当年办结19件（具体情况及涉及行政复议、行政诉讼情况详见本报告第三、四部分）。从申请方式看，网络申请15件，占79%，信函申请4件，占21%。申请事项主要集中在政策文件、证书批文、教育数据等方面。（三）政府信息管理情况严格规范政府信息管理，依法依规做好保密审查。落实信息发布流程以及审核要求，切实把好政治关、政策关和文字关，确保信息发布准确。从源头抓好对文件公开属性认定的工作程序，做到公文类信息制作时同步明确信息公开属性。认真做好政府规范性文件动态管理，及时主动公开行政规范性文件清理结果。（四）政府信息公开平台建设情况充分整合教育宣传资源，积极拓展信息公开渠道。一是网站建设再上新台阶。规范政务公开专栏设置，提升信息获取便捷性，及时充实计划总结、预决算、建议提案答复等公开事项。二是宣传方式实现新突破。持续发挥政务微信“河北教育发布”的宣传龙头作用，同时开设新媒体号3个，其中“冀教新视界”视频号仅靠3次“助力中考”直播，粉丝量迅速跃升至3.7万，点赞量达百余万，进一步提高政策知晓率。三是刊物平台取得新成效。编印《河北教育工作》《教育信息快报》《教育省情参阅》等刊物，及时向社会各方宣传我省教育改革发展新进程，讲好河北教育故事。（五）监督保障情况着力加强政府信息公开监督保障工作，建立健全监督保障机制。一是强化组织领导，细化责任分工，做到提前部署到位、领导责任到位、任务分解到位、制度机制到位。二是认真指导监督教育行政部门抓紧抓实政务公开工作。出台进一步加强学校信息公开工作的实施方案，严格执行《高等学校信息公开办法》，加强指导监督全省各学校信息公开工作。三是综合运用业务培训、考核评价等方式，强化监督管理，充分发挥政务公开促落实、促规范、促服务作用。二、主动公开政府信息情况第二十条第（一）项信息内容本年制发件数本年废止件数现行有效件数规章000行政规范性文件35156第二十条第（五）项信息内容本年处理决定数量行政许可7417第二十条第（六）项信息内容本年处理决定数量行政处罚1行政强制0第二十条第（八）项信息内容本年收费金额（单位：万元）行政事业性收费397.619三、收到和处理政府信息公开申请情况（本列数据的勾稽关系为：第一项加第二项之和，等于第三项加第四项之和）申请人情况自然人法人或其他组织总计商业企业科研机构社会公益组织法律服务机构其他一、本年新收政府信息公开申请数量181000019二、上年结转政府信息公开申请数量0000000三、本年度办理结果（一）予以公开9000009（二）部分公开（区分处理的，只计这一情形，不计其他情形）2000002（三）不予公开1.属于国家秘密00000002.其他法律行政法规禁止公开00000003.危及“三安全一稳定”10000014.保护第三方合法权益21000035.属于三类内部事务信息00000006.属于四类过程性信息00000007.属于行政执法案卷00000008.属于行政查询事项0000000（四）无法提供1.本机关不掌握相关政府信息20000022.没有现成信息需要另行制作10000013.补正后申请内容仍不明确0000000（五）不予处理1.信访举报投诉类申请10000012.重复申请00000003.要求提供公开出版物00000004.无正当理由大量反复申请00000005.要求行政机关确认或重新出具已获取信息0000000（六）其他处理1.申请人无正当理由逾期不补正、行政机关不再处理其政府信息公开申请00000002.申请人逾期未按收费通知要求缴纳费用、行政机关不再处理其政府信息公开申请00000003.其他0000000（七）总计181000019四、结转下年度继续办理0000000四、因政府信息公开工作被申请行政复议、提起行政诉讼情况行政复议行政诉讼结果维持结果纠正其他结果尚未审结总计未经复议直接起诉复议后起诉结果维持结果纠正其他结果尚未审结总计结果维持结果纠正其他结果尚未审结总计610070000061007五、存在的主要问题及改进情况一年来，我厅在政府信息公开质量和公开时效性上总体运行状况较好，但立足新发展阶段，对标对表新形势、新要求、新任务，仍存在一些问题与不足，如公开内容不够广泛、政策解读形式过于单一、与公众互动性还需进一步增强等。下一步，我们将继续坚持以人民为中心理念，不断完善规章制度，强化监督管理，增强教育系统信息公开意识，优化信息公开平台建设，规范信息公开工作内容。主动加强政策解读，结合图表、音频、视频等多种形式丰富解读材料，提高解读质量。加强信息公开专栏建设和维护工作，丰富相关栏目内容，提高与公众的互动性，切实提升教育领域信息公开水平。六、其他需要报告的事项2023年11月23日，河北日报客户端报道“河北省教育厅：提升教育领域信息公开水平，更好维护人民群众切身利益”。省教育厅政务微信公众号“河北教育发布”，获评中央网信办2023年度走好网上群众路线百个成绩突出账号。河北省教育厅2024年1月26日",政府信息公开年报,http://jyt.hebei.gov.cn/column.jsp,http://jyt.hebei.gov.cn/col/1414231541890/2024/01/26/1706263383193.html,
河北省教育厅2023年度政府网站工作年度报表,2024年01月26日,,政府信息公开年报,http://jyt.hebei.gov.cn/column.jsp,http://jyt.hebei.gov.cn/col/1414231541890/2024/01/26/1706259735119.html,
河北省教育厅2022年政府信息公开工作年度报告,2023年01月28日,"本报告根据《中华人民共和国政府信息公开条例》（以下简称《条例》）和《河北省实施<中华人民共和国政府信息公开条例>办法》要求编制。全文包括总体情况、主动公开、依申请公开、政府信息管理、平台建设、其他需要报告的事项等六部分。本年度报告中所列数据统计期限从2022年1月1日起至2022年12月31日止。一、总体情况2022年，省教育厅坚持以习近平新时代中国特色社会主义思想为指导，全面贯彻党的二十大精神，认真落实党中央、国务院和省委、省政府关于政务公开工作的决策部署，围绕“办好人民满意教育”中心任务，不断加强政务公开规范化建设，积极拓展公开形式和渠道，公开内容逐步覆盖权力运行全流程、政务服务全过程，全省教育系统政务公开工作总体水平显著提升。（一）主动公开情况聚焦“双减”落实、课后服务、疫情防控、助学贷款、教师队伍等社会关注、群众关心的重点领域，不断扩大主动公开的广度和深度，切实保障公众的知情权。在厅官网公开权责清单并持续动态更新。制定实施政务公开事项清单，明确主动公开的范围内容和责任分工。全年通过门户网站主动公开政务信息664件。其中，文件类47件，公示公告85个，政策解读12个，其他事项520个。（二）依申请公开情况严格落实相关法律法规，规范做好政府信息申请公开工作。加强同申请人之间的沟通联系，切实保障群众知情权，不断提高群众获得感、满意度。全年收到公民、法人和其他组织政府信息公开申请共44件，当年办结44件（具体情况及涉及行政复议、行政诉讼情况详见本报告第三、四部分）。从申请方式看，网络申请39件，占88.6%，信函申请5件，占11.4%。申请事项主要集中在政策文件、证书批文、教育数据等方面。（三）政府信息管理情况制定印发《关于进一步加强和改进教育宣传工作的意见》，明确工作重点，建立量化考核体系，构建“大宣传”工作格局。从源头抓好文件公开属性，对拟定为依申请公开的文件和不予公开的文件，均依法依规说明依据。坚持“解读是常态、不解读是例外”的原则，稳步扩大政策公开解读的范围和深度。优化信息公开工作审批流程，明确机关处室及直属单位的责任分工，构建政府信息管理及公开工作的责任体系。推进教育系统公共企事业单位信息公开，大力提升大中小学校务信息公开力度。（四）政府信息公开平台建设情况不断拓展教育宣传形式和渠道，构建“官方网站+政务微信+报刊”一体化发展的宣传矩阵。优化官网栏目设置，为公众及时获取和查询各类信息提供便利。充分发挥政务微信“河北教育发布”的宣传龙头作用，“准”“新”“微”“快”宣传教育动态。加强与主流媒体的沟通联系，围绕党的二十大召开，开展12期“办好人民满意的河北教育”系列宣传。编发《教育信息快报》《教育省情参阅》等刊物，打造教育成效推广新平台。（五）监督保障情况严格执行《河北省教育厅政务公开实施办法》，强化组织领导，细化责任分工，扎实推进各项工作落地落实。落实信息公开审核及保密制度，确保公开信息及时、高效、安全。开展政务公开、政务新媒体工作人员培训，提高业务能力和服务水平。加强政务公开考核结果运用，有力促进政务公开工作质量提升。二、主动公开政府信息情况第二十条第（一）项信息内容本年制发件数本年废止件数现行有效件数规章000行政规范性文件517159第二十条第（五）项信息内容本年处理决定数量行政许可6267第二十条第（六）项信息内容本年处理决定数量行政处罚0行政强制0第二十条第（八）项信息内容本年收费金额（单位：万元）行政事业性收费465.74三、收到和处理政府信息公开申请情况（本列数据的勾稽关系为：第一项加第二项之和，等于第三项加第四项之和）申请人情况自然人法人或其他组织总计商业企业科研机构社会公益组织法律服务机构其他一、本年新收政府信息公开申请数量412001044二、上年结转政府信息公开申请数量0000000三、本年度办理结果（一）予以公开242001027（二）部分公开（区分处理的，只计这一情形，不计其他情形）3000003（三）不予公开1.属于国家秘密00000002.其他法律行政法规禁止公开00000003.危及“三安全一稳定”10000014.保护第三方合法权益20000025.属于三类内部事务信息00000006.属于四类过程性信息00000007.属于行政执法案卷00000008.属于行政查询事项0000000（四）无法提供1.本机关不掌握相关政府信息20000022.没有现成信息需要另行制作10000013.补正后申请内容仍不明确1000001（五）不予处理1.信访举报投诉类申请50000052.重复申请00000003.要求提供公开出版物00000004.无正当理由大量反复申请00000005.要求行政机关确认或重新出具已获取信息0000000（六）其他处理1.申请人无正当理由逾期不补正、行政机关不再处理其政府信息公开申请20000022.申请人逾期未按收费通知要求缴纳费用、行政机关不再处理其政府信息公开申请00000003.其他0000000（七）总计412001044四、结转下年度继续办理0000000四、因政府信息公开工作被申请行政复议、提起行政诉讼情况行政复议行政诉讼结果维持结果纠正其他结果尚未审结总计未经复议直接起诉复议后起诉结果维持结果纠正其他结果尚未审结总计结果维持结果纠正其他结果尚未审结总计220040101210001五、存在的主要问题及改进情况一年来，虽然我厅在政府信息公开领域取得了一定成绩，但与国家和省委、省政府关于信息公开的新要求相比、与新时代人民群众对信息公开的新要求、新期盼相比，仍存在一些问题与不足，如服务意识有待提高、公开内容不够丰富、公开方式不够多样等。下一步，我们将持续加强信息公开组织建设，明确责任分工，压实工作责任；不断完善规章制度，提高信息公开的规范化、标准化水平；加强信息公开专栏建设和维护工作，做到及时优化和更新。六、其他需要报告的事项无。附件：河北省教育厅2022年政府信息公开工作年度报告",政府信息公开年报,http://jyt.hebei.gov.cn/column.jsp,http://jyt.hebei.gov.cn/col/1414231541890/2023/01/28/1674873463493.html,http://jyt.hebei.gov.cn/download.jsp?pathfile=/atm/7/20230131173706156.docx;
河北省教育厅2022年度政府网站工作年度报表,2023年01月17日,"",政府信息公开年报,http://jyt.hebei.gov.cn/column.jsp,http://jyt.hebei.gov.cn/col/1414231541890/2023/01/17/1673919826843.html,
河北省教育厅2021年度政府网站工作年度报表,2022年01月21日,"",政府信息公开年报,http://jyt.hebei.gov.cn/column.jsp,http://jyt.hebei.gov.cn/col/1414231541890/2022/01/21/1642755000025.html,
河北省教育厅2021年政府信息公开工作年度报告,2022年01月20日,"依据《中华人民共和国政府信息公开条例》（国务院令第711号）和《国务院办公厅政府信息与政务公开办公室关于政府信息公开工作年度报告有关事项的通知》（国办公开办函〔2019〕60号）要求，发布河北省教育厅2021年政府信息公开工作年度报告。本报告由总体情况、主动公开政府信息情况、收到和处理政府信息公开申请情况、政府信息公开行政复议行政诉讼情况、存在的主要问题及改进情况、其他需要报告的事项等六部分组成。报告中所列数据统计期限为2021年1月1日至12月31日。一、总体情况2021年，河北省教育厅坚持以习近平新时代中国特色社会主义思想为指导，遵循公正、公平、合法、便民的原则，聚焦省委、省政府重大教育决策、新时代教育改革发展方向、人民群众关注的热点难点等重点领域，不断强化政务公开组织领导，完善规章制度，加强平台建设，拓展公开形式和渠道，高标准、严要求推进政务公开工作，为办好人民满意教育凝聚共识、汇聚力量、创造环境。（一）加大政策公开力度，提高解读质量效果。坚持“解读是常态、不解读是例外，发布与解读同步”原则，依据《河北省教育厅政务公开事项清单》责任分工，稳步扩大政策公开解读的范围和深度。依托“政策直通车”平台，整理发布十八大以来教育领域政策性文件50多个，打通政策落地“最后一公里”。通过门户网站和官微“河北教育发布”等平台，公开发布政策文件58件、重要公告49条、各类要闻信息1000多条，方便群众查询、监督。动态清理规范性文件，对现有206件规范性文件实施了7次清理，保留部门规范性文件181件，废止25件，清理结果已按规定向省司法厅备案，并在省教育厅门户网站进行公示。（二）围绕教育热点难点，及时回应群众关切。聚焦义务教育“双减”、“三点半难题”、“五项管理”（手机、作业、读物、体质健康、睡眠管理）、疫情防控、助学贷款、教师队伍建设等领导关心、社会关注、群众关切的重点领域，编印《河北教育工作》18期、《教育信息快报》39期、《党史学习教育简报》26期、《疫情防控简报》207期，教育部简报刊发2篇，《教育战线联播》刊发4篇，充分宣传展示教育工作进展和成果。组织召开“河北省教育事业发展‘十四五’规划”新闻发布会，全面解析我省教育“十四五”规划新特点、新方向、新要求。以《河北学生资助网》为抓手，集中发布解读学生全周期资助政策，便于家长学生查询使用。（三）加强宣传引导，传播河北教育好声音。加强与《河北日报》、河北广播电视台、长城新媒体等主流媒体战略合作，召开新闻发布会2场，各级各类媒体发布我省教育新闻2000余条，全省教育宣传的主导作用大幅增强。围绕教育系统重大节点、重要事项深入策划、主动发声，《中国教育报》拿出重要版面宣传全省重大教育改革事项和成就，刊发我省消息、评论等90多篇。政务微信“河北教育发布”的宣传龙头作用充分发挥，“准”、“新”、“微”、“快”宣传教育动态，关注数达240万人并持续攀升，日均阅读量过万，单篇阅读量最高达760万。（四）开展学校信息公开试点，促进公共企事业单位信息公开办法落地落实。全面贯彻国家《公共企事业单位信息公开规定制定办法》精神，坚持依法依规、便民实用、稳步推进的原则，将学校信息公开工作纳入2021年省教育厅信息公开重点任务清单，指导督促省属高等学校结合工作实际，科学编制《高等学校信息公开事项清单》。选择10所工作基础好、有改革意愿的省属高等学校作为示范学校，在实践中不断探索完善信息公开内容、创新信息公开方式、畅通信息公开渠道、积累信息公开经验，带动其他学校信息公开工作整体上水平。二、主动公开政府信息情况第二十条第（一）项信息内容本年制发件数本年废止件数现行有效件数规章000行政规范性文件725181第二十条第（五）项信息内容本年处理决定数量行政许可5658第二十条第（六）项信息内容本年处理决定数量行政处罚19行政强制0第二十条第（八）项信息内容本年收费金额（单位：万元）行政事业性收费1163.54三、收到和处理政府信息公开申请情况（本列数据的勾稽关系为：第一项加第二项之和，等于第三项加第四项之和）申请人情况自然人法人或其他组织总计商业企业科研机构社会公益组织法律服务机构其他一、本年新收政府信息公开申请数量341002037二、上年结转政府信息公开申请数量000000三、本年度办理结果（一）予以公开160002018（二）部分公开（区分处理的，只计这一情形，不计其他情形）1000001（三）不予公开1.属于国家秘密00000002.其他法律行政法规禁止公开00000003.危及“三安全一稳定”00000004.保护第三方合法权益10000015.属于三类内部事务信息00000006.属于四类过程性信息00000007.属于行政执法案卷00000008.属于行政查询事项0000000（四）无法提供1.本机关不掌握相关政府信息10000012.没有现成信息需要另行制作10000013.补正后申请内容仍不明确0000000（五）不予处理1.信访举报投诉类申请1410000152.重复申请00000003.要求提供公开出版物00000004.无正当理由大量反复申请00000005.要求行政机关确认或重新出具已获取信息0000000（六）其他处理1.申请人无正当理由逾期不补正、行政机关不再处理其政府信息公开申请00000002.申请人逾期未按收费通知要求缴纳费用、行政机关不再处理其政府信息公开申请00000003.其他0000000（七）总计341002037四、结转下年度继续办理0000000四、因政府信息公开工作被申请行政复议、提起行政诉讼情况行政复议行政诉讼结果维持结果纠正其他结果尚未审结总计未经复议直接起诉复议后起诉结果维持结果纠正其他结果尚未审结总计结果维持结果纠正其他结果尚未审结总计000006000620002五、存在的主要问题及改进情况对照国家和我省政务公开新要求和人民群众新期盼，省教育厅政务公开工作仍存在主动公开意识薄弱、公开机制不健全、内容不够丰富等不足。今后工作中，我们将继续坚持以人民为中心，把办好人民满意的教育作为出发点和落脚点，进一步细化完善政务公开规章制度，丰富公开平台，创新公开形式，细化公开内容，明确公开重点，增强公开实效，提升政务公开的时效性、满意度。六、其他需要报告的事项无。河北省教育厅2022年1月20日",政府信息公开年报,http://jyt.hebei.gov.cn/column.jsp,http://jyt.hebei.gov.cn/col/1414231541890/2022/01/21/1642754267764.html,
河北省教育厅2020年政府信息公开工作年度报告,2021年01月31日,"",政府信息公开年报,http://jyt.hebei.gov.cn/column.jsp,http://jyt.hebei.gov.cn/col/1414231541890/2021/02/03/1612315238565.html,
河北省教育厅2020年度政府网站工作年度报表,2021年01月21日,"",政府信息公开年报,http://jyt.hebei.gov.cn/column.jsp,http://jyt.hebei.gov.cn/col/1414231541890/2021/01/21/1611224167572.html,
河北省教育厅2019年政府信息公开工作年度报告,2020年01月16日,"根据《中华人民共和国政府信息公开条例》和省政府有关政府信息公开的要求，我厅编写了2019年政府信息公开工作年度报告。本年度报告中所列数据的统计期限自2019年1月1日起至2019年12月31日止。一、总体情况（一）主动公开。按照“公开为原则，不公开为例外”的基本要求，制定印发《河北省教育厅政府信息主动公开目录》，进一步规范政务行为，提高行政效能，加强政府信息主动公开力度，推动信息公开工作的规范化和法制化进程，切实保障人民群众的知情权、参与权、表达权和监督权。厅网站全年发布新闻、文件、通知、通报等信息733条。2019年印发的16个规范性文件全部在厅门户网站主动公开，并配发政策解读说明。“河北教育发布”微信公众号日均发布信息3条以上，全年发布信息800多条，用户总数已逾13.36万人并持续攀升。围绕社会重大关切，聚焦补齐学前教育短板、促进义务教育优质均衡发展、推动职业教育产教融合、实施高水平大学建设、农村小学生营养改善计划、京津冀教育协同发展等富民惠民安民教育行动，加强政策解读，通过政策吹风会、新闻发布会、编写教育年鉴等方式，深入宣传和解读政策背景、依据、目标任务、重点任务等内容，及时准确向社会传递政策意图，提高政策透明度，提升人民群众的教育获得感满意度。（二）依申请公开。满足社会对政府信息的特殊需求，厅官方网站开设依申请公开专栏，及时准确公布依申请公开受理范围、办理流程等信息，方便群众咨询办理。开通电子邮箱、信函、传真、当面申请等渠道，确保教育领域依申请公开渠道便捷畅通。2019年我厅共办理依申请政府信息公开16件，均在法定期限内按照规范要求及时答复，未发生因信息公开引起的行政复议和行政诉讼。（三）政府信息管理。加强政府信息公开规范管理，从“随机化”向“制度化”转变。先后印发《河北省教育厅政府信息主动公开目录》《河北省教育厅政府信息公开实施办法》等规范性文件，明确工作责任主体，提升政务公开管理水平，推动政务公开制度化、常态化、规范化。根据省政府有关政务公开、电子政务、绩效管理等部署要求，不断优化责任体系，制订分工方案，将原来的各处室分别办理，调整为办公室牵头统筹、业务处室积极配合的工作机制，避免了职责不清、衔接脱节等问题。（四）平台建设。主动适应媒体时代信息传播的新特点和新要求，打造模块简洁、条目清晰的门户网站主平台，开设信息公开专栏，及时发布政策制度、发展现状、民生工程进展和建议提案答复等内容，最大限度地满足人民群众的知情权。大力推进政务公开与现代传播体系有机结合，开设“河北教育发布”微信公众号等新媒体平台，“准”、“新”、“微”、“快”宣传教育动态，逐步成为河北教育信息发布门户平台。依托省政府政务服务平台，“普通话证书核发、开具高校录取综合信息登记表、学校章程核准”等22个高频民生服务事项实现网上办理。（五）监督保障。按照《河北省教育厅社会公示制度》《河北省教育厅机关信息网上发布管理办法》《河北省教育厅政府信息公开保密审查规定》《河北省教育厅政府信息公开工作责任追究办法》要求，规范审核发布流程，做好公开内容表述、公开时机、公开方式的研判，避免发生信息发布泄密、失信、影响社会稳定等问题。落实《河北省教育厅政府信息公开工作考核评议办法》，将政务公开工作纳入各处室年度绩效考核评价体系，以绩效杠杆推进政务公开工作落到实处。二、主动公开政府信息情况第二十条第（一）项信息内容本年新制作数量本年新公开数量对外公开总数量规章000规范性文件161616第二十条第（五）项信息内容上一年项目数量本年增/减处理决定数量行政许可9016其他对外管理服务事项1700第二十条第（六）项信息内容上一年项目数量本年增/减处理决定数量行政处罚500行政强制000第二十条第（八）项信息内容上一年项目数量本年增/减行政事业性收费210第二十条第（九）项信息内容采购项目数量采购总金额政府集中采购22256146三、收到和处理政府信息公开申请情况（本列数据的勾稽关系为：第一项加第二项之和，等于第三项加第四项之和）申请人情况自然人法人或其他组织总计商业企业科研机构社会公益组织法律服务机构其他一、本年新收政府信息公开申请数量160000016二、上年结转政府信息公开申请数量0000000三、本年度办理结果（一）予以公开9000009（二）部分公开（区分处理的，只计这一情形，不计其他情形）（三）不予公开1.属于国家秘密2.其他法律行政法规禁止公开3.危及“三安全一稳定”4.保护第三方合法权益5.属于三类内部事务信息6.属于四类过程性信息7.属于行政执法案卷8.属于行政查询事项（四）无法提供1.本机关不掌握相关政府信息30000032.没有现成信息需要另行制作40000043.补正后申请内容仍不明确（五）不予处理1.信访举报投诉类申请2.重复申请3.要求提供公开出版物4.无正当理由大量反复申请5.要求行政机关确认或重新出具已获取信息（六）其他处理（七）总计160000016四、结转下年度继续办理0000000四、政府信息公开行政复议、行政诉讼情况行政复议行政诉讼结果维持结果纠正其他结果尚未审结总计未经复议直接起诉复议后起诉结果维持结果纠正其他结果尚未审结总计结果维持结果纠正其他结果尚未审结总计000五、存在的主要问题及改进情况虽然我们的工作取得了一定的成绩，但由于教育系统点多面广线长，信息公开工作还存在内容不够充实、形式不够多样等问题，与人民群众的期望相比，还有一定的差距。在今后工作中，我们将进一步增强依法公开意识，完善工作制度，不断提升政务公开的广度和深度，更加主动地接受社会公众和新闻舆论的监督。一是强化统筹推进，细化责任落实，查漏洞补短板，提升政务公开工作水平。二是根据政务公开工作的新任务、新标准、新要求，健全完善政务公开制度，持续推进政务服务标准化建设。三是提升网站和新媒体管理水平，整合优化网站栏目，完善门户网站信息公开专栏，不断拓展微博、微信、客户端等新媒体发布渠道，加强与公众的互动交流。河北省教育厅2020年1月15日",政府信息公开年报,http://jyt.hebei.gov.cn/column.jsp,http://jyt.hebei.gov.cn/col/1414231541890/2020/01/20/1579506734508.html,
河北省教育厅2019年政府网站工作年度报表,2020年01月14日,"",政府信息公开年报,http://jyt.hebei.gov.cn/column.jsp,http://jyt.hebei.gov.cn/col/1414231541890/2020/01/14/1578985630494.html,
政府信息公开情况统计表（ 2018年度）,2019年02月28日,"统计指标单位统计数一、主动公开情况（一）主动公开政府信息数（不同渠道和方式公开相同信息计1条)条1683其中：主动公开规范性文件数条4制发规范性文件总数件4（二）通过不同渠道和方式公开政府信息的情况1.政府公报公开政府信息数条02.政府网站公开政府信息数条16833.政务微博公开政府信息数条04.政务微信公开政府信息数条10575.其他方式公开政府信息数条575二、回应解读情况（一）回应公众关注热点或重大舆情数（不同方式回应同一热点或舆情计1次）次4（二）通过不同渠道和方式回应解读的情况1.参加或举办新闻发布会总次数次2其中：主要负责同志参加新闻发布会次数次22.政府网站在线访谈次数次2其中：主要负责同志参加政府网站在线访谈次数次23.政策解读稿件发布数篇504.微博微信回应事件数次15.其他方式回应事件数次0三、依申请公开情况（一）收到申请数件11.当面申请数件02.传真申请数件03.网络申请数件04.信函申请数件1（二）申请办结数件11.按时办结数件12.延期办结数件0（三）申请答复数件01.属于已主动公开范围数件02.同意公开答复数件03.同意部分公开答复数件04.不同意公开答复数件0其中：涉及国家秘密件0涉及商业秘密件0涉及个人隐私件0危及国家安全、公共安全、经济安全和社会稳定件0不是《条例》所指政府信息件0法律法规规定的其他情形件05.不属于本行政机关公开数件06.申请信息不存在数件07.告知作出更改补充数件08.告知通过其他途径办理数件0四、行政复议数量件1（一）维持具体行政行为数件1（二）被依法纠错数件0（三）其他情形数件0五、行政诉讼数量件5（一）维护具体行政行为或者驳回原告诉讼请求数件5（二）被依法纠错数件0（三）其他情形数件0六、举报投诉数量件0七、依申请公开信息收取的费用万元0八、机构建设和保障经费情况（一）政府信息公开工作专门机构数个0（二）设置政府信息公开查阅点数个2（三）从事政府信息公开工作人员数人21.专职人员数（不包括政府公报及政府网站工作人员数）人02.兼职人员数人2（四）政府信息公开专项经费（不包括用于政府公报编辑管理及政府网站建设维护等方面的经费）万元0九、政府信息公开会议和培训情况（一）召开政府信息公开工作会议或专题会议数次2（二）举办各类培训班数次0（三）接受培训人员数人次0",政府信息公开年报,http://jyt.hebei.gov.cn/column.jsp,http://jyt.hebei.gov.cn/col/1414231541890/2019/03/01/1551400960991.html,
河北省教育厅2018年度政府信息公开工作年度报告,2019年02月28日,"　　本报告是根据《中华人民共和国政府信息公开条例》（以下简称条例）及我省相关规定，由河北省教育厅编制。内容包括概述、主动公开政府信息情况、依申请公开情况、依申请收费及减免情况、政府信息公开复议诉讼情况、存在的主要问题及改进措施等部分组成。本年度报告中所列数据的统计期限自2018年1月1日起至2018年12月31日止。　　一、概述　　2018年，河北省教育厅认真贯彻落实《中华人民共和国政府信息公开条例》和我省政府信息公开有关文件精神，坚持“公开是常态，不公开为例外”的原则，将教育信息公开工作作为促进教育公平、办好人民满意教育的重要抓手，加强组织领导，强化工作制度，完善体制机制，规范工作流程，创新工作方法，积极回应社会关切，努力提高公开质量，切实保障人民群众的知情权、参与权、表达权和监督权，为办好人民满意的教育奠定了重要基础。　　（一）积极推进重点领域信息公开。为深入贯彻落实河北省人民政府办公厅《关于推进社会公益事业建设领域政府信息公开的实施意见》精神，我们重新规划、设计了我厅门户网站信息公开栏目，新增“基础教育”、“职业教育”、“高等教育”、“民办教育”、“教育督导”、“规划统计”、“财政财务”、“学生资助”、“营养餐计划”、“教育法规”、“国际交流”、“思政体卫”、“语言文字”、“薄弱学校改造”、“师资建设”等15个信息公开栏目，并印发了《河北省教育厅教育领域信息公开任务分解》的通知，建立了信息公开工作责任制度，保证栏目内容即时更新。根据工作需要和社会关注，我们还专门开设了“行政执法公示”、“全面深化新时代河北教师队伍建设改革宣传专题”“聚焦全国教育大会”、“新政务服务一网通办”、“河北最美教师”等专题专栏，及时发布各栏目信息，加大信息公开的力度。2018年通过官方网站发布信息1683条，网站访问量1395万人次。　　（二）切实加强宣传发布工作。2018年，人民日报、光明日报、新华网等国家主流媒体刊发我厅信息近百条，中国教育报刊发我省教育新闻近百条，省内主流媒体和网络刊发我厅教育信息千余条。省教育厅官方微信公众号“河北教育发布”2018年共发布信息716条，对我省教育工作相关信息进行了及时权威准确公开。中国教育电视台、河北电视台等多次专题采访教育工作，录制学习贯彻落实党的十九大精神专访、特岗教师、“老校长下乡”等专题宣传。我厅在省委网信办组织召开了学生资助政策新闻发布会和深化新时代教师队伍建设改革新闻发布会，向社会及时传达教育政策信息。全省教育大会期间，中国教育报在头版，河北日报连续三天在头版刊发河北教育工作有关报道，各类媒相关报道达到542条。　　（三）加强招生考试信息公开工作。一是丰富信息公开内容。坚持招生政策、招生资格、招生章程、招生计划、特殊类型招生办法、加分照顾考生及特殊类型考生资格、录取过程信息、录取结果、考生咨询申诉及举报渠道、重大违规事件处理结果“十公开”。及时公开有关招生考试政策、实施细则或办法、招生计划安排及未完成计划征集、录取工作时间安排、录取过程和录取结果查询方式等考生应知须知的信息，以及考生分数分布情况、各批次录取最低控制线和高校最低录取分数等情况及时进行公开，方便考生查询和监督。二是拓宽信息公开渠道。编制《报考指南》、《填报志愿须知》、《解读网上评卷》等各类手册、光盘，将须知事项准确告知考生；健全省、市、县三级信访服务站的管理和服务制度，加大对县级基层服务站传递的信息量，畅通信息查询和信访咨询渠道；加大在报刊、电视、广播等传统大众媒体的宣传力度，参加河北电视台“阳光热线”节目，充分利用院官方网站、招生考试信息服务网、官方微信、手机APP等为考生提供更加便捷的服务，健全多方位立体化的信息公开体系。三是提高信息公开时效。进一步加强“阳光高考”平台建设，发挥其主渠道作用，提高信息公开的权威性和实效性，确保社会及时知晓和有效获取招生信息；明确招生信息的公开属性，应主动公开的信息一经核实无误，第一时间在网上公开，方便考生及时查询；在网站设“咨询意见台”栏目，通过电子邮件的方式有针对性地解答考生、家长关心的各类招考热点问题。四是及时回应处理公众质疑和问题。进一步落实新闻发言人制度，建立健全舆论引导机制、虚假信息澄清机制和招生预警机制，公开有关信息的同时，提供受理举报与申诉的联系方式；信息公开后密切关注舆情，对公众质疑、举报和申诉的问题，按照有关规定及时回应和调查处理。　　（四）积极推动高校财务信息及时公开。实施“阳光财务”，认真做好财务信息公开。一是做好预决算信息公开工作。在财政部门批复2018年预算和2017年度决算20日内，按照要求在省政府政务公开栏和省教育厅门户网站公开经费收支情况、政府采购情况、固定资产占用情况、三公经费情况等部门预算和部门决算信息。同时要求所属预算单位认真做好信息公开工作，预决算以及“三公”经费要在主管部门批复后的20日内向社会公开。二是做好经费执行情况公开工作。10月30日，我厅会同省财政厅、省统计局印发《关于2017年全省教育经费执行情况统计公告》（冀教财〔2018〕51号），对2017年各市、县（市、区）教育经费执行情况进行公告，主动向社会公开，接受社会监督。　　（五）认真做好互联网+教育政务服务工作。省教育厅高度重视“互联网+政务服务”工作，将其作为推进简政放权、放管结合、优化服务的重要内容，纳入推进职能转变的重点工作任务。一年来，我们对所承担的政务服务事项重新进行梳理，实行流程再造，进一步优化简化政务服务事项的网上申请、受理、审查、决定、送达等流程，缩短办理时限，降低办事成本，2018年共有22项政务服务事项实行了网上办理，圆满完成了工作任务，解决群众办事“最后一公里”问题。　　二、主动公开政府信息情况　　按照《中华人民共和国政府信息公开条例》，河北省教育厅坚持“公开为原则，不公开为例外”的原则，积极做好主动公开工作。2018年主动公开政府信息1683条，确保了政府信息公开的权威、及时、全面、准确、规范。召开或参加新闻发布会2次，发布政策解读16条。　　三、依申请公开政府信息情况　　2018年，河北省教育厅受理依申请信息公开1件，我厅均依法及时予以了回复，为申请人提供了便捷的信息服务。　　四、依申请收费及减免情况　　2018年，河北省教育厅在办理依申请公开工作中，均未向申请人收取费用。　　五、政府信息公开复议、诉讼情况　　2018年，河北省教育厅共受理行政复议1起，行政诉讼5起，行政申诉9起，没有因政府信息公开而被提起的行政复议或行政诉讼。　　六、存在的主要问题及改进措施　　随着信息公开工作的体制机制不断健全，我厅在制度建设、公开形式和内容等方面积极进行探索，信息公开工作取得明显成效，积累了一定经验，但仍存在一些问题和不足。主要是信息公开内容有待进一步完善；信息公开培训需要强化，部分高校的信息公开工作还有待加强等。下一步，我厅将继续深入贯彻落实《条例》及信息公开工作有关要求，围绕教育部门主要职能和重点工作，着力完善公开平台，同时加强业务政策知识的学习培训，加大对高校信息公开的指导，不断提高政府信息公开工作的质量和水平。　　河北省教育厅　　2019年2月28日",政府信息公开年报,http://jyt.hebei.gov.cn/column.jsp,http://jyt.hebei.gov.cn/col/1414231541890/2019/03/01/1551400660581.html,
河北省教育厅2018年政府网站工作年度报表,2019年01月28日,"",政府信息公开年报,http://jyt.hebei.gov.cn/column.jsp,http://jyt.hebei.gov.cn/col/1414231541890/2019/01/28/1548668549883.html,
河北省教育厅2017年度政府信息公开工作报告,2018年02月09日,"省政府办公厅：本年度报告根据《中华人民共和国政府信息公开条例》（国务院令第492号，以下简称《条例》）和《河北省2017年政务公开工作要点》要求，由河北省教育厅编制。包括政府信息公开情况概述；主动公开政府信息情况；依申请公开政府信息情况；依申请收费及减免情况等几个方面。本年度报告中所列数据的统计期限自2017年1月1日起至2017年12月31日止。现将2017年政府信息公开工作报告如下：　　一、政府信息公开情况概述2017年，我厅按照国务院和省政府有关部署要求，认真贯彻落实《河北省人民政府办公厅关于印发2017年政务公开工作要点的通知》文件精神，紧紧围绕全省中心工作，大力推进教育领域政府信息公开，不断提升政务公开工作规范化水平，增强政府公信力、执行力，以政府信息公开推进法治政府建设，在健全工作机制、推进“互联网+政务服务”体系建设等方面取得阶段性成效，有力推动了我省教育事业的改革发展。一年来我厅继续加强组织领导，完善体制机制，创新工作方法，规范依申请公开政府信息处理程序，政府信息公开工作质量和服务水平不断提高。（一）加强组织领导，细化工作责任我厅高度重视政府信息公开，始终把大力推进政务公开作为促进教育公平、办好人民满意教育的重要抓手。分管厅领导多次召开会议研究工作中的新情况新问题，提出工作要求，纳入目标管理，强化督促检查。我厅建立了组织协调机制，由法规处负责处理政府信息公开工作中涉及到的法律、政策问题；办公室负责政府公开信息门户网站的发布工作。结合工作实际，我厅研究制定了《河北省教育厅2017年政务公开工作安排》，对政府信息公开工作提出了要求，明确了任务，细化了职责，推动各项工作有序落实。（二）完善制度机制，增强政府信息公开实效1.建立健全政府信息公开制度。我厅按照国家有关法律法规规定，制定出台了《河北省教育厅政府信息公开实施办法》、《河北省教育厅政府信息公开工作考核评议办法》、《河北省教育厅政府信息公开工作责任追究办法》、《河北省教育厅政府信息公开保密审查规定》、《河北省教育厅政府信息公开指南》等文件，形成了较为完备的政府信息公开制度体系，为促进政府信息公开工作制度化奠定了坚实基础。连续下发《关于做好信息公开有关工作的通知》《关于信息公开工作有关事项的通知》《关于进一步做好信息公开相关工作的通知》等一系列文件，进一步完善了信息公开工作制度和信息公开保密审查机制。召开了信息公开专项清理专题工作会议，要求各处室按照“公开是常态、不公开是例外”、“谁制作信息，谁负责公开信息”的原则，并将信息进行保密审查后及时在网上发布信息。2.严格落实“五公开”工作机制。按照“五公开”要求，改革了公文办理程序，启用新版发文卡，非涉密文件用蓝色发文卡，涉密文件用红色发文卡，设置了信息公开选项和保密级别选项，要求行文处室按照有关规定拟定正确的密级，报厅办公室、厅领导签署审批意见，同时，根据《河北省教育厅政府信息公开指南》和《河北省教育厅政府信息公开目录》要求，认真做好信息主动公开工作，推进政务公开工作标准化，做到该项工作及时公开，该保密的绝不泄密。（三）加强平台建设，拓展政府信息公开渠道1.加强政务网站建设。一是微调版面，增设专栏。根据政务公开工作需要，及时调整门户网站栏目设置，增设“行政执法公示”、“人才工作宣传”等热点专题。二是健全制度，加强管理。建立了上网信息审核登记制度、保密审查制度、统一上传制度、信息档案管理制度等，网站管理更加规范。三是及时发布重要信息。2.加强新媒体平台建设。建立“河北教育发布”微信公众平台，设置“权威发布”专栏，及时推送权威教育信息，确保公众及时准确了解重大教育规划、政策、规章等信息。（四）突出工作重点，推进教育领域重点信息公开1.推进财政资金信息公开。健全财务信息公开工作机制和相应的制度规范，明确财务信息公开的职责、公开方式、公开内容和时限等要求。按照省财政部门的统一要求，向社会公开收支预算总表、基本支出预算、项目支出预算、政府采购预算、一般公共预算安排的“三公”及会议培训经费预算表，决算表格、预算执行分析、政府采购和“三公”经费支出情况的解释说明等，严格做到公开内容完整。按照省财政厅关于预决算公开的要求，预算批复后20日内，决算批复后10日内，在厅门户网站按照规定格式进行了公开。同时，将各市县“一个比例、三个增长”情况和市属高校生均投入情况等教育经费执行情况在厅门户网站进行了公告。2.做好高校本科教学质量报告编制发布工作。2017年11月份下发了《河北省教育厅关于继续开展本科教学质量问卷调查、教学基本状态数据公示和本科教学质量报告编制发布等工作的通知》（冀教高函〔2017〕70号），安排部署我省普通本科高校教学质量年度报告编写工作，要求各高校于2017年12月20日前完成报告编写并上报，及时通过本校门户网站进行公开。目前，各高校已按期完成本科教学质量报告编制发布工作。计划于2018年3月底前完成全省整体本科教学质量报告编制发布工作。3.做好毕业生就业质量年度报告编制工作。为确保全省高校毕业生就业质量年度报告编写工作保质保量如期完成，我厅于2017年6月份在保定市组织召开了河北省普通高等学校毕业生就业数据采集培训暨毕业生就业质量年度报告编撰工作经验交流会。会上进一步强调了毕业生就业状况统计和监测工作的重要意义，交流了工作经验，要求各高校在12月25日前发布年度报告。截止到12月底，全省122所高校已全部完成本校2017年度毕业生就业质量年度报告，并在本校官网上予以公布。4.推进县域义务教育均衡发展督导评估认定工作公开。2017年初，我厅在对2016年教育督导工作进行分析汇总的基础上，印发了《关于2016年度县级人民政府教育工作督导评估情况的通报》，并予以主动公开。8月30日，在厅门户网站发布了《关于义务教育发展基本均衡县评估公告》，公示了评估时间、评估对象名单等。5.加强高校招生信息公开。强化“阳光高考”平台建设，发挥其主渠道作用，提高信息公开的权威性和实效性，确保社会及时知晓和有效获取招生信息。明确招生信息的公开属性，应主动公开的信息一经核实无误，第一时间在网上公开，方便考生及时查询。在省教育考试院官方网站设“网上咨询大厅”栏目，有针对性地解答考生、家长关心的各类招考热点问题。二、主动公开政府信息情况按照政府信息公开《条例》和《规定》，河北省教育厅坚持“公开为原则，不公开为例外”的原则，积极做好主动公开工作。2017年共发布信息1669条，其中政府网站公开政府信息数774条，发布了43期《教育信息快报》。确保了政府信息公开的权威、及时、全面、准确、规范。　　三、依申请公开政府信息情况2017年，河北省教育厅未受理依申请信息公开事项。四、依申请收费及减免情况　　2017年，河北省教育厅在办理依申请公开工作中，均未向申请人收取费用。　　五、政府信息公开复议、诉讼情况2016年，河北省教育厅共受理行政复议3起，行政诉讼5起，举报投诉15起，没有因政府信息公开而被提起的行政复议或行政诉讼。六、存在的主要问题及改进措施随着信息公开工作的体制机制不断健全，我厅在政府信息公开工作制度建设、公开形式和内容等方面积极进行探索，政府信息公开工作取得一定成效，积累了一定经验，也还存在一些问题和不足。一是开展信息公开宣传教育培训不足，部分干部职工对政务公开工作认识还有待加强。二是缺乏专业的信息采集加工人员。三是信息更新还不够及时全面。四是部分高校的信息公开工作还有待加强。2018年，我厅将继续深入贯彻落实《条例》及信息公开工作有关要求，围绕教育部门主要职能和重点工作，着力完善公开平台，拓宽公开范围，深化公开内容，同时加强业务政策知识的学习培训，不断提高政府信息公开工作的质量和水平。河北省教育厅2018年2月8日",政府信息公开年报,http://jyt.hebei.gov.cn/column.jsp,http://jyt.hebei.gov.cn/col/1414231541890/2018/02/13/1518492646534.html,
河北省教育厅2016年度政府信息公开工作报告,2017年02月27日,"省政府办公厅：　　2016年我厅认真贯彻落实《中华人民共和国政府信息公开条例》《国务院办公厅关于印发2016年政务公开工作要点的通知》和《河北省2016年政务公开工作要点》，积极主动做好政府信息公开工作，编制了2016年政府信息公开报告。本年度报告中所列数据的统计期限自2016年1月1日起至2016年12月31日止。现将2016年政府信息公开工作报告如下：　　一、基本情况2016年，河北省教育厅把大力推行政府信息公开作为促进教育公平、办好人民满意教育的重要抓手，严格按照《中华人民共和国政府信息公开条例》和《河北省政府信息公开保密审查暂行规定》的要求，加强组织领导，完善体制机制，创新工作方法，规范依申请公开政府信息处理程序，通过多种方式对应公开能公开的信息全部实行公开，政府信息公开工作质量和服务水平不断提高。一年来我厅通过召开新闻发布会、官方网站、微信公众号、社会媒体和厅内宣传大屏幕对主动公开信息进行及时主动公开，让社会各界群众和全省广大教育系统工作人员、师生及时了解我省的教育政策和信息。比如：2016年高考前夕，由于教育部调整全国各省的招生计划，导致省内部分学生家长情绪激动影响稳定，我厅及时通过厅门户网站及社会主流媒体向全省发布“四个不低于”的承诺，有效解答了学生家长的疑惑，化解了矛盾，保证了高考顺利进行。（一）加强管理、细致服务，充分发挥官方网站作用。一是微调版面，增设专栏，丰富内容。2016年，按照省委省政府要求，定制开发了“乡村教师支持计划”、“高校学风建设专栏”等专题栏目，对河北最美教师评选等活动进行了宣传，共发布信息679条。二是对标先进，深入自查，保障安全。年内，按照国家政府网站普查要求，对政务网站的错链进行了修复、维护，保障了网站链接正确率，顺利通过了政府网站普查。三是健全制度，加强管理，运行规范。建立了上网信息审核登记制度、保密审查制度、统一上传制度、信息档案管理制度，网站工作日趋规范。（二）积极宣传、及时公示，加强招生考试信息公开工作。一是做好我省考试招生制度改革的政策宣传和解读工作。2月21日，省政府印发《关于深化考试招生制度改革的实施方案》，省教育厅采取多种方式对《实施方案》进行广泛宣传解读，针对公众关心的问题，主动、及时、全面、准确地发布信息，提高政策解读的针对性、科学性、权威性和有效性，让公众充分理解改革意图。二是扎实做好高考信息公开工作。坚持招生政策、招生资格等内容实现“十公开”。及时公开有关招生考试政策、实施细则或办法等考生应知须知的信息；编制《报考指南》等各类手册将须知事项准确告知考生；加强“阳光高考”平台建设，提高信息公开的权威性和实效性，确保社会及时知晓和有效获取招生信息；明确招生信息的公开属性，应主动公开的信息一经核实无误，第一时间在网上公开，方便考生及时查询；在网站设“咨询意见台”栏目，通过电子邮件的方式有针对性地解答考生、家长关心的各类招考热点问题。三是及时公开我省高职院校单独考试招生政策信息。起草完成《河北省教育厅关于2016年普通高等职业教育单独考试招生改革工作的通知》；严把单招院校招生信息宣传关；加大单招考试招生工作宣传力度，充分利用省单招网络宣传平台，统一发布各单招院校招生简章、工作实施方案等内容，并将各单招院校简章及招生专业、计划等内容通过多种渠道进行宣传，确保每一位考生知晓有关政策和信息。四是加强普通高校专科接本科教育选拔考试的信息公开工作。制定并印发《河北省教育厅关于做好2016年河北省普通高校专科接本科教育考试选拔工作的通知》，公开报名条件、考试时间及地点、考试科目及内容、招生专业及计划等相关信息；考试成绩公布，受理考生成绩复核申请；录取结束后，在报名网站及时公布录取结果，供考生本人查询。五是认真做好普通高校学生转学备案公公示。按照教育部办公厅《关于进一步规范普通高校学生转学工作的通知》要求，每年7月和12月两个月份受理学校申报的转学备案申请，并对拟同意转学备案的实行相关学校和教育厅两级公示，在学校官网和教育厅官网进行5个工作日的公示。（三）紧抓重点、接受监督，主动回应社会关切关于督导评估反馈意见公开：国务院教育督导委员会办公室通过其官方网站已经发布了我省的义务教育均衡发展督导评估反馈意见，并将意见下发到各地。关于全面改薄工作进展和成效工作公开：在省教育厅网站开设了“全面改薄”专栏，及时发布各地工作进展情况，宣传各地“改薄”先进经验及成效，有力地推动了“全面改薄”工作的实施。利用双月报系统，将各县建设类项目开工率、完工率，设备采购完成率，资金支出率等指标进行全省通报，在“全面改薄”专栏公开，并以“省改薄办”名义抄送市、县人民政府。为进一步规范和加强“全面改薄”工作信息公开公示工作，制定了《河北省全面改善贫困地区义务教育薄弱学校基本办学条件信息公开公示暂行办法》（冀教财〔2015〕11号），办法要求各地将项目规划、办学标准、经费预算、校舍建设及设施设备采购实施情况、项目的招投标情况、先进经验和典型案例在教育部门等门户网站上公开并接受公众的监督，确保“全面改薄”工作实施全过程透明操作。图书、计算机、实验仪器、多媒体触控一体机、厨具等设施设备购置项目均实行政府采购、招投标制度，严格制定了科学的评标办法，合理的选用采购方式和评标规则，遵循公开、公正、公平的原则，实行“阳光采购”。关于义务教育相关工作公开：印发了《河北省教育厅关于进一步做好义务教育免试就近入学工作的实施意见》（下称《实施意见》）。规定县级教育行政部门要根据本行政区域内户籍适龄儿童、少年的数量和分布状况、学校布局、学校规模、交通状况等因素，按照户籍适龄儿童、少年相对就近入学原则，依据街道、路段、门牌号、村组等为每一所小学、初中合理划定招生范围（片区），科学制订招生计划。各级教育行政部门必须坚持“以流入地政府管理为主、以公办学校接收为主”的原则，做好进城务工人员随迁子女接受义务教育工作。对符合规定条件的进城务工人员随迁子女，县级教育行政部门要按照相对就近入学的原则统筹安排在公办学校就读。随迁子女特别集中的地方，要扩大公办学校容量，鼓励社会力量办学，购买民办学校服务，满足随迁子女入学需求。同时，《实施意见》规定我省全面实行阳光招生。每年小学、初中招生工作开始前，县级教育行政部门要通过多种形式主动向社会公开相关信息，包括县域内入学具体政策，每所学校划片范围（学区划分）、招生计划、入学资格、报名材料、报名时间以及工作咨询方式、监督举报平台、信访接待地址等。涉及政策调整的，要将最终确定的政策再次公开。（四）建章立制、强化监督，确保高校财务信息及时公开。一是根据《中华人民共和国政府信息公开条例》（国务院令第492号）、《高等学校信息公开办法》（教育部令第29号）和《教育部关于做好高等学校财务信息公开工作的通知》（教财〔2012〕4号）等文件要求，为规范省内高校财务信息公开工作，省教育厅相继印发了《河北省教育厅关于做好高等学校财务信息公开工作的通知》（冀教财〔2013〕7号）、《河北省教育厅关于进一步做好高等学校财务信息公开工作的通知》（〔2013〕103号）等文件，从财务信息主动公开、财务信息依申请公开、财务信息公开责任制等方面严格要求各高校规范做好财务信息公开工作。二是根据有关要求，我厅通过相关工作总结报告、查阅学校网站公开进展情况等多种方式加大对省属高校需主动公开财务信息工作的监督检查，严格要求各高校在预决算批复后规定时间内向社会公开相关信息，并定期检查其他需要公开的高校财务信息。将财务信息公开工作情况纳入高校领导干部考核内容，对于违反信息公开规定等行为的，按照学校隶属关系由教育行政部门视情况责令改正、通报批评。三是继续推进财政资金信息公开。我厅收到财政厅批复的部门预算和决算后，在规定时间内，将部门预算、决算和“三公”经费等信息在省教育厅网站进行公开；同时，要求各二级预算单位在本单位网站进行了公开，主动接受社会的监督。今年10月底，我厅接受了财政部驻河北专员办关于2014年部门决算和2015年部门预算公开情况的专项检查，并顺利通过验收。另外，印发了《河北省教育厅关于做好高等学校财务信息依申请公开工作的通知》，要求各高校按照《政府信息公开条例》规定，依法依规做好依申请公开工作。二、主动公开政府信息情况按照政府信息公开《条例》和《规定》，河北省教育厅坚持“公开为原则，不公开为例外”的原则，积极做好主动公开工作。2016年主动公开政府信息1621条，确保了政府信息公开的权威、及时、全面、准确、规范。全年四个季度政府信息公开目录已编制成册，并及时移交省档案馆、省图书馆，方便群众查阅。　　三、依申请公开政府信息情况2016年，河北省教育厅受理依申请信息公开3件，我厅均依法及时予以了回复，为申请人提供了便捷的信息服务。四、依申请收费及减免情况　　2016年，河北省教育厅在办理依申请公开工作中，均未向申请人收取费用。　　五、政府信息公开复议、诉讼情况2016年，河北省教育厅共受理行政复议0起，行政诉讼3起，行政申诉2起，没有因政府信息公开而被提起的行政复议或行政诉讼。六、存在的主要问题及改进措施随着信息公开工作的体制机制不断健全，我厅在制度建设、公开形式和内容等方面积极进行探索，信息公开工作取得明显成效，积累了一定经验，但仍存在一些问题和不足。主要是信息公开内容有待完善；信息公开形式有待创新；部分高校的信息公开还有待加强。2017年，我厅将继续深入贯彻落实《条例》及信息公开工作有关要求，围绕教育部门主要职能和重点工作，着力完善公开平台，拓宽公开范围，深化公开内容，同时加强业务政策知识的学习培训，不断提高政府信息公开工作的质量和水平。河北省教育厅2017年2月24日",政府信息公开年报,http://jyt.hebei.gov.cn/column.jsp,http://jyt.hebei.gov.cn/col/1414231541890/2017/02/27/1493971477199.html,
河北省教育厅2014年度政府信息公开工作报告,2015年03月30日,"本年度报告是根据《中华人民共和国政府信息公开条例》和省政府有关政府信息公开的要求，由河北省教育厅编制。全文包括概述，主动公开政府信息情况，依申请公开政府信息情况，依申请收费及减免情况，政府信息公开复议、诉讼情况。本年度报告中所列数据的统计期限自2014年1月1日起至2014年12月31日止。现将2014年政府信息公开工作报告如下：　　一、概述　　2014年，根据《中华人民共和国政府信息公开条例》和省政府有关政府信息公开的规定，河北省教育厅认真加强政府信息公开的组织和推进工作，完善各项规章制度，扩展政府信息公开内容，规范依申请公开政府信息处理程序，努力提高政府信息公开工作质量和服务水平，依法有序，稳步扎实推进政务公开工作。（一）政府信息公开制度进一步完善。完善了信息公开工作领导小组，及时调整更新领导小组成员和相关工作人员，进一步加强对厅机关和教育系统信息公开工作的组织、指导、协调和监督工作，确保信息公开工作落到实处。根据《中华人民共和国政府信息公开条例》，重新修订了《河北省教育厅政府信息公开实施办法》、《河北省教育厅政府信息公开保密审查规定》、《河北省教育厅机关信息网上发布管理办法》等文件。按照《政府信息公开条例》的总体要求，妥善处理公开与保密的关系，合理界定信息公开范围和公开内容，做到积极稳妥，及时准确，公开、公正、便民。结合省委、省政府有关文件要求，严格按照机关标准化管理有关程序，组织协调各处室认真做好规范性文件的清理、移交和公开工作。在高校信息公开方面，以高校招生考试和财务公开为重点，指示高校加大信息公开力度。今年以来，先后制发了包括高等学校信息公开事项清单、教育行业网络与信息安全工作指导意见、新闻发言人制度等内容的文件，对高校提出工作要求。（二）信息解读工作不断加强。一是加强信息报送工作。针对涉及面广、社会关注都高或专业性比较强的政策性信息及相关重要信息，规范了信息发布、解读和回应的相关流程。二是完善机关网站服务功能。对我厅网站进行全新改版，将政府网站打造成及时、准确、公开透明的政府信息发布平台。及时调整和更新网上服务内容，确保公众及时准确了解教育厅发布的教育政策、规章等信息。三是建立健全舆情收集、研判和回应机制，定期对涉及教育的重要舆情和社会热点问题进行整理收集，采用民意征询、政策解读、网上回复等多种方式，主动做好引导和回应工作。四是围绕进城务工人员随迁子女接受义务教育、学生资助等人民群众关切的热点难点问题，加强与新闻媒体的沟通联系，主动及时召开新闻发布会、新闻通气会，对相关问题主动做好宣传工作，回应社会关切。（三）重点领域信息公开进一步强化。一是继续推进财政资金信息公开。按照国家和省有关要求，我厅已经将预算和决算全部公开到支出功能分类的项级科目。已经将《河北省教育厅2014年“三公”经费决算财政拨款情况统计表》和《河北省教育厅2014年部门收支决算总表》公布到教育厅网站。指导全面公开高校预算决算信息。二是加强公共服务信息公开。指导各高校不断扩大招生政策、招生资格、招生章程、招生计划、成绩查询、成绩复查、录取程序、录取结果、咨询与申诉、录取新生复查等相关信息公开，规范公开程序和内容，提高信息公开时效。　　二、主动公开政府信息情况　　按照政府信息公开《条例》和《规定》，河北省教育厅坚持“公开为原则，不公开为例外”，积极做好主动公开工作。2014年主动公开政府信息1635条，确保了政府信息公开的权威、及时、全面、准确、规范。全年四个季度政府信息公开目录已编制成册，并及时移交省档案馆、省图书馆，方便群众查阅。　　三、依申请公开政府信息情况　　2014年，河北省教育厅共收到信息公开申请3件。对收到的申请省教育厅按照有关规定认真进行了受理，全部按时答复完毕，办结率为100%。　　四、依申请收费及减免情况　　2014年，河北省教育厅在办理依申请公开工作中，均未向申请人收取费用。　　五、政府信息公开复议、诉讼情况2014年，河北省教育厅共受理行政复议1起，行政诉讼1起，没有因政府信息公开而被提起的行政复议或行政诉讼。六、存在的主要问题2014年，河北省教育厅在政府信息公开方面做了一些工作，取得了一些成绩，但还存在一些不足。主要是主动公开的意识有待进一步加强；部分信息发布还不够及时；门户网站主动公开的内容有待进一步丰富。河北省教育厅2015年3月23日",政府信息公开年报,http://jyt.hebei.gov.cn/column.jsp,http://jyt.hebei.gov.cn/col/1414231541890/2015/03/30/1456727267715.html,
河北省教育厅2013年度政府信息公开总结,2014年01月07日,"2013年，我厅认真贯彻落实《中华人民共和国政府信息公开条例》、《河北省实施〈中华人民共和国政府信息公开条例〉办法》以及我省推进政府信息公开工作的有关文件精神，紧紧围绕全省教育工作的中心任务和重点工作以及人民群众普遍关心的热点问题，扎实推进政府信息公开，确保人民群众的知情权、参与权和监督权，努力促进教育公平，办好让人民满意的教育。一、政府信息公开工作组织推进情况信息公开是建设社会主义民主政治，保障公民、法人和其他组织依法获取政府信息，提高政府工作透明度，促进依法行政的重要举措。一年来，我厅加大了信息公开力度，创新信息公开方式，深化信息公开方式，不断提高信息公开水平。（一）强化信息公开工作组织领导。为了加强组织领导，确保政府信息公开工作落到实处，我厅健全完善了信息公开工作领导小组，及时调整更新领导小组成员和相关工作人员，进一步加强对厅机关和全省教育系统信息公开工作的组织、指导、协调和监督工作。同时，明确各处室对职责范围内的政府信息公开，负有制作、审查、发布、更新、提供以及答复信息公开申请等职责，保证了我厅政府信息公开工作的顺利实施。（二）贯彻落实省政府信息公开相关文件精神情况在政府信息公开工作中，我厅认真贯彻落实省政府《关于印发当前政府信息公开重点工作安排的通知》和《关于进一步加强政府信息公开回应社会关切提升政府公信力的实施意见》的文件精神。一是完善相关制度。为了保障公民、法人和其他组织依法获取省教育厅政府信息，提高机关工作的透明度，促进依法行政，我厅根据《中华人民共和国政府信息公开条例》，重新修订了《河北省教育厅政府信息公开实施办法》、《河北省教育厅政府信息公开保密审查规定》、《河北省教育厅机关信息网上发布管理办法》等文件。二是完善机关网站服务功能。对我厅网站进行全新改版，将政府网站打造成及时、准确、公开透明的政府信息发布平台。及时调整和更新网上服务内容，确保公众及时准确了解教育厅发布的教育政策、规章等信息。三是建立健全舆情收集、研判和回应机制，定期对涉及教育的重要舆情和社会热点问题进行整理收集，采用民意征询、政策解读、网上回复等多种方式，主动做好引导和回应工作。四是围绕进城务工人员随迁子女接受义务教育等人民群众关切的热点难点问题，加强与新闻媒体的沟通联系，主动及时召开新闻发布会、新闻通气会，对相关问题主动做好宣传工作，回应社会关切。五是按照教育部通知要求，加大高校主动公开招生和财务信息力度，扩大招生信息公开范围，推动全省高校公开预决算信息公开。二、主动公开政府信息情况我厅按照《政府信息公开条例》的总体要求，妥善处理公开与保密的关系，合理界定信息公开范围和公开内容，做到积极稳妥，及时准确，公开、公正、便民。创新文件公开的审查机制，在《河北省教育厅发文卡》设置了“是否公开”项目，将制发的文件是否需要公开审查，纳入该文件的制作、审查过程，优化了程序，保证了安全。2013年我厅主动公开信息总数共计293条，其中规范性文件公开28条，公告公示公开27条，财政财务公开2条。公开内容共分11个大类别，包括厅机构设置、职能、办事程序等情况；省教育厅印发的行政管理文件；教育发展规划及相关政策；重要工作部署及实施情况；全省教育年度统计信息；教育行政许可相关信息；教育行政事业性收费的项目、依据、标准；教育招生、考试、录取、家庭经济困难学生资助等方面的政策、措施及其实施情况；教师及其他专业技术职务评聘的相关政策；全省性教育表彰奖励的有关情况；教育系统突发公共事件的预警信息及应对情况；以及法律、法规和国家有关规定应当公开的其他政府信息等。此外，公民、法人或者其他组织根据自身生产、生活、科研等特殊需要，向我厅申请获取相关政府信息的，我厅按照规定对有关政府信息依法进行了公开。另外，我厅将信息刊发、报送工作作为政府信息主动公开的重要渠道，编发《教育信息快报》65期，及时向教育部、省委、省政府报送我省教育信息300多条，被中办、教育部、省委、省政府采用200多条，国家和省领导对我厅上报信息多次作出重要批示。三、依申请公开政府信息情况2013年度本厅收到依申请公开信息1件。四、行政复议、行政诉讼情况建立健全各级教育行政及校内申诉、调解、复议工作机制，理顺工作关系，完善申诉程序，规范行政申诉工作。今年我厅共受理学生申诉案件8件，其中5件责令学校重新做出处理决定，另3件维护学校决定，同时受理其他涉法案件4件。五、收费及减免情况2013年度我厅未发生有关政府信息公开方面的收费及免费情况。六、主动公开政府信息资料移交省档案馆、图书馆情况2013年我厅向省档案馆、图书馆移交教育厅政报4期。七、存在的主要问题及改进措施一年来我厅在政府信息公开方面做了一些工作，取得了一些成绩，但还存在一些不足。主要是主动公开的意识有待进一步加强；部分信息发布还不够及时；门户网站主动公开的内容有待进一步丰富等。2013年我厅将主要采取以下改进措施：一是根据《条例》要求，做到能够公开的一律及时公开。二是着力加强厅机关网站建设，改善栏目设置，提高网站浏览量和群众关注度。河北省教育厅2014年1月16日",政府信息公开年报,http://jyt.hebei.gov.cn/column.jsp,http://jyt.hebei.gov.cn/col/1414231541890/2014/01/22/1456727267574.html,
