标题,时间,效力状态,内容,一级类别,来源网站,访问地址,附件链接
河北省语言文字工作委员会  河北省教育厅关于公布第六届中华经典诵写讲大赛“诵读中国”经典诵读大赛河北省选拔赛...,2024年08月31日,有效,"




文件下载：第六届中华经典诵写讲大赛“诵读中国”经典诵读大赛河北省选拔赛获奖名单的通知
附件：第六届中华经典诵写讲大赛“诵读中国”经典诵读大赛河北省选拔赛获奖名单",政策文件,http://jyt.hebei.gov.cn/column.jsp,http://jyt.hebei.gov.cn/col/1410097726928/2024/09/05/1725535852420.html,http://jyt.hebei.gov.cn/download.jsp?pathfile=/atm/7/20240905190535750.pdf;http://jyt.hebei.gov.cn/download.jsp?pathfile=/atm/7/20240905190535761.pdf;http://jyt.hebei.gov.cn/download.jsp?pathfile=/atm/7/20240905190535761.pdf;
河北省语言文字工作委员会  河北省教育厅关于公布第六届中华经典诵写讲大赛“笔墨中国”汉字书写大赛河北省选拔赛...,2024年08月31日,有效,,政策文件,http://jyt.hebei.gov.cn/column.jsp,http://jyt.hebei.gov.cn/col/1410097726928/2024/09/05/1725534381890.html,
河北省教育厅关于做好庆祝第40个教师节有关工作的通知,2024年08月19日,有效,,政策文件,http://jyt.hebei.gov.cn/column.jsp,http://jyt.hebei.gov.cn/col/1410097726928/2024/08/20/1724165094667.html,
河北省教育厅  河北省财政厅关于做好2024年“三区”人才支持计划教师专项计划有关实施工作的通知,2024年08月01日,有效,"
各有关市教育局、财政局:
为深入贯彻党的二十届三中全会精神和《中共河北省委河北省人民政府关于全面深化新时代教师队伍建设改革的实施意见》精神，落实《中共河北省委关于实现巩固拓展脱贫攻坚成果同乡村振兴有效衔接的实施意见》有关部署，进一步提高农村教育质量，持续巩固拓展脱贫攻坚成果，有效衔接乡村振兴战略，按照《教育部办公厅财政部办公厅关于做好2024年“三区”人才支持计划教师专项计划有关实施工作的通知》和《河北省教育厅等五部门关于河北省边远贫困地区、民族地区和革命老区人才支持计划教师专项计划实施方案》要求，现就做好我省2024年“三区”人才支持计划教师专项计划有关实施工作通知如下。
一、准确把握政策要点
（一）受援范围。主要是脱贫地区（原国家确定的22个连片特困地区覆盖县，23个国家扶贫开发工作重点县，17个省级扶贫开发工作重点县）。

（二）选派数量。根据各地上报需求情况，2024—2025学年全省计划选派“三区”支教教师593人，均为义务教育阶段。各市具体选派名额见附件。
（三）选派要求。原则上选派中级以上专业技术职务的骨干教师，学校管理人员应具有较强的组织领导能力和丰富的学校管理经验。选派教师普通话水平需达到国家规定标准，使用国家通用语言文字进行教学。支教以全日制工作形式为受援地提供服务，时间为1年，鼓励延长支教时间或留任工作。按照学年开展选派工作。
（四）选派形式。鼓励以“组团式”形式选派教师及教育管理人员。专任教师主要承担学科教学和班级管理任务，组织教研活动，开展业务培训和教学指导；同时，充分发挥骨干示范作用，与当地教师形成教学团队，带动受援学校整体提升学校教学水平和育人管理能力。教育管理人员主要从事学校管理工作，推动受援学校全面提高教育教学和管理水平。受援学校要组织教师、管理人员与支教教师结对跟学。
（五）选派范围。教师选派工作以市内调配为主，调动城区、非受援县的优质教师资源支持市内受援县。大学生实习支教、农村义务教育阶段学校教师特设岗位计划、短期的基层巡讲和支教、试用期教师不列入选派范围。
二、做好待遇保障工作
（一）政策保障。选派到“三区”的支教教师，支教期间人事关系保留在原单位，支教期满后仍回原单位工作。原工资福利待遇不变，按月发放工作补助、交通差旅费用以及购买意外保险等补助。其支教经历视同城镇教师到农村教育工作经历，符合规定条件的，应在工资、职务（职称）晋升、计算基层工作经历等方面，按现有政策执行。对于选派工作期间业绩突出、基层欢迎的特别优秀人员，按照国家和省有关教师奖励的规定予以表彰奖励。受援县负责支教教师的住宿生活、工作岗位及日常管理，要充分发挥他们的引领示范作用，并如实对教师支教期间的工作情况进行考核评价。选派方、受援方及支教教师本人三方应签订工作协议以明确权责。
（二）经费保障。受援县义务教育阶段教师选派工作经费由中央财政和省级财政按照年人均2万元标准共同分担，省级财政和中央财政各50%。选派工作经费已从2023年起划拨到受援地，主要用于受援地向选派教师发放工作补助、交通差旅费用及购买意外保险费等补助。中央和省财政应分担的选派工作经费采取据实结算的方式。其他教育阶段教师选派工作经费由派出地负责。
三、加强组织实施
（一）认真落实选派任务。“三区”支教计划是鼓励引导更多优秀教师到艰苦边远地区和基层一线贡献才智、建功立业，实现巩固拓展脱贫攻坚成果同乡村振兴有效衔接的重要措施。各地要充分认识做好此项工作的重要性，切实按照政策实施范围，严把选派条件，提高选派质量，完成选派计划，保障支教教师安全上岗。
（二）精准选派支教教师。各地要摸清受援县需求，充分听取基层学校意见，统筹兼顾不同学段情况，精准选派受援县急需的、符合规定条件的支教教师。通过内部调剂、接收实习生、安排受援地教师跟岗培训等多种方式，解决派出学校的教师缺口问题。
（三）加大宣传选树力度。各地要加强政策宣传，及时总结实施经验，深入挖掘选派教师中的优秀典型，宣传支教教师的奉献精神和感人事迹，突出项目对加强受援地教师队伍建设、优化教师资源结构、推动乡村振兴的实施成效，进一步营造良好的工作氛围。
（四）完善管理服务工作。受援县教育行政部门和学校要保障好支教教师的生活、工作条件，加强日常管理工作，要充分发挥支教教师的引领示范作用，并如实对教师支教期间的工作情况进行考核评价。
（五）加大工作查处力度。对于实施管理不到位，特别是选派计划完成率不高，待遇保障政策落实不到位，考核评价弄虚作假的，要严肃查处，并要求立即整改。对整改不力的，将予以通报批评。
（六）做好总结评估工作。按照《河北省教育厅等五部门关于河北省边远贫困地区、民族地区和革命老区人才支持计划教师专项计划实施方案》要求，各地教育行政部门要对计划实施情况进行全面总结和综合评估，对后续工作进行研究部署。
四、按时准确报送信息
2024年项目继续采用“全国教师管理信息系统”收集选派教师信息，各市要认真做好选派教师跟踪管理服务等工作，加强动态管理。2024年10月20日前，各市需在“全国教师管理信息系统”“业务管理”的“边远贫困地区、边疆民族地区和革命老区人才支持计划教师专项计划”功能菜单中，填报选派教师花名册、工作总结和2025—2026学年选派支教教师需求表。根据实施情况和需求报送情况研究确定下一年度工作计划，各项目市要加强审核管理，确保信息按时准确报送，具体操作流程如下。
（一）填报选派教师花名册。支教教师派出学校或者派出区县应在“边远贫困地区、边疆民族地区和革命老区人才支持计划教师专项计划”功能菜单中按时填报选派教师花名册。支教结束后，派出学校应及时核对并更新支教教师的支教结束时间。
（二）审核选派教师信息。派出县、市教育行政部门应逐级审核行政区域内学校提交的选派教师花名册，按时在线提交给省教育厅。
（三）预测支教教师需求。受援地区县级教育行政部门应按时提交2025—2026学年支教教师需求，市级教育行政部门审核后按时在线提交给省教育厅。
（四）上报工作总结。各市教育行政部门对项目实施情况进行全面总结和综合评估，提出意见建议，形成书面总结，在系统中填报提交。
联系人：省教育厅人事处郭晓蕾0311-66005057
省教育厅信息中心李岩0311-66005757
省财政厅教科文处杨皓翔0311-86771114
邮箱：hebeisjytrsc@163.com

附件：“三区”人才支持计划教师专项计划2024—2025学年选派教师计划表



河北省教育厅河北省财政厅
2024年8月1日",政策文件,http://jyt.hebei.gov.cn/column.jsp,http://jyt.hebei.gov.cn/col/1410097726928/2024/08/06/1722908951417.html,http://jyt.hebei.gov.cn/download.jsp?pathfile=/atm/7/20240806094202830.docx;
河北省教育厅  河北省财政厅关于做好2024年银龄讲学计划有关实施工作的通知,2024年08月01日,有效,"
各有关市教育局、财政局：
为深入贯彻习近平新时代中国特色社会主义思想和党的二十届三中全会精神，落实《中共河北省委河北省人民政府关于全面深化新时代教师队伍建设改革的实施意见》有关部署，进一步加强我省乡村学校教师队伍建设，充分利用退休教师资源提高农村教育质量，持续巩固拓展脱贫攻坚成果，有效衔接乡村振兴战略，根据《教育部办公厅财政部办公厅关于做好2024年银龄讲学计划有关实施工作的通知》要求，现就做好我省2024年银龄讲学计划有关实施工作通知如下。
一、准确把握政策要点
（一）实施范围。以县为基本单位，主要是脱贫地区（原国家确定的22个集中连片特困地区覆盖县，23个国家扶贫开发工作重点县、17个省级扶贫开发工作重点县），欠发达的民族县、革命老区县等。受援学校为县镇和农村学校。
（二）招募人数。2024—2025学年全省计划招募362名讲学教师。各市具体招募名额见附件。

（三）资格条件。申请银龄讲学计划的退休教师以校长、教研员、特级教师、骨干教师为主。年龄一般在65（含）周岁以下，政治可靠、师德高尚、爱岗敬业、业务精良；身体健康、甘于奉献、不怕吃苦、作风扎实；教育教学经验丰富。讲学教师原则上应具有中级及以上教师职称，以高级教师为主。学校体育美育教师可参照教育部《学校体育美育兼职教师管理办法》选聘条件招募。原单位返聘退休教师工作不列入银龄讲学计划。
（四）岗位职责。按照“需求为本、形式灵活”的原则，招募到的讲学校长可以担任受援学校的副校长，指导参与学校的管理工作；讲学教师可以根据自己的专业特长开展以课堂教学为主的讲学活动，同时也可根据受援学校的教育教学需求进行听课评课、开设公开课、组织研讨课、举办专题讲座等，指导青年教师、协助学校做好教学管理和开展教研活动等丰富多样的讲学活动，发挥示范和辐射作用，带动提升受援学校教育教学和管理水平。
讲学教师服务时间原则上不少于1学年，鼓励考核合格的连续讲学。各受援县教育局与拟招募讲学教师签订银龄讲学计划服务协议，协议一年一签，明确双方的权利和义务，正式签约前，讲学教师需提供近六个月的体检报告。讲学教师服务期间，由受援县对其进行跟踪评估，对不按协议要求履行义务的，或因身体原因不适合继续讲学的，予以解除协议。
（五）招募程序。招募工作由省教育厅统筹，各市教育局具体组织实施。遵循“公开、公平、自愿、择优”和“定县、定校、定岗”原则，从受援县学校实际需要出发，招募讲学教师，结合讲学教师专业特长，选准学科专业。按下列程序进行：（1）公布需求；（2）自愿报名；（3）资格审核或遴选；（4）公示公布；（5）签订协议；（6）上岗任教。
（六）保障措施
1.经费保障。讲学教师服务期间人事关系、现享受的退休待遇不变。工作经费下达受援县，由受援县按月发放，主要用于向讲学教师发放工作补助、交通差旅费用及购买意外保险费等。讲学教师工作经费由中央财政和省级财政按照年人均2万元标准共同分担，中央财政和省级财政各负担50%。市县可根据实际，提高工作经费补助标准，高出部分由市县财政负担。如需安排讲学教师岗前研修，费用由市县财政负担。
2.政策保障。受援县要为讲学教师购买意外保险，提供周转宿舍，配备必要的生活设施。讲学教师因病因伤发生的医疗费用，按本人医疗关系和有关规定办理。对于讲学期间表现优秀的，在评优表彰等方面优先考虑，可按照有关规定给予表彰、奖励。对于讲学期间考核不称职或存在问题的，按照有关规定处理。
二、切实做好组织实施
（一）落实招募任务。各市要摸清受援县需求，充分听取基层学校意见，统筹兼顾不同学段情况，尽快启动讲学教师公开招募工作，招募受援县急需的、符合规定条件的讲学教师。要加强对本地招募计划的统筹，结合当地实际情况，提高招募完成率，确保新招募讲学教师按时、安全上岗。
（二）加强政策宣传。各市要加强政策宣传，及时收集相关资料信息，深入挖掘讲学教师中的先进典型和感人事迹，弘扬教师奉献精神，营造良好的工作氛围。
（三）加大督查力度。对于银龄讲学计划实施管理不到位，特别是招募计划完成不好，讲学教师待遇保障政策落实不到位的，要严肃查处，并要求立即整改。对整改不力的，将予以通报批评，并在下一年度不再增加或适当核减该市招募名额。
三、及时准确报送材料
2024年银龄讲学计划通过“全国教师管理信息系统”报送相关材料。请参加银龄讲学计划的市于2024年8月10日前，通过“全国教师管理信息系统”“业务管理”的“中小学银龄讲学计划”功能菜单报送2024年银龄讲学计划工作组名单和实施方案；2024年10月20日前通过系统报送工作总结，填报2024—2025学年招募讲学教师花名册。同时，参加银龄讲学计划的市和2025年准备参加的市需于10月20日前填报银龄讲学计划2025—2026学年招募讲学教师需求表。系统中内置“操作手册”文档，供各级教育行政部门使用参考。请各市及时将本市发布招募公告的网址报送省教育厅人事处，省教育厅将在官网进行转载。
联系人：省教育厅人事处郭晓蕾0311-66005057
省教育厅信息中心李岩0311-66005757
省财政厅教科文处杨皓翔0311-86771114

附件：银龄讲学计划2024—2025学年招募讲学教师计划表



河北省教育厅河北省财政厅
2024年8月1日",政策文件,http://jyt.hebei.gov.cn/column.jsp,http://jyt.hebei.gov.cn/col/1410097726928/2024/08/06/1722908538916.html,http://jyt.hebei.gov.cn/download.jsp?pathfile=/atm/7/20240806094202818.doc;
河北省教育厅关于举办河北省首届“诗教中国”诗词讲解大赛的通知,2024年07月31日,有效,,政策文件,http://jyt.hebei.gov.cn/column.jsp,http://jyt.hebei.gov.cn/col/1410097726928/2024/08/09/1723182552479.html,
河北省人民政府办公厅关于转发省教育厅等部门《河北省公费师范生本研衔接培养实施办法》的通知,2024年07月30日,有效,"各市（含定州、辛集市）人民政府，各县（市、区）人民政府，雄安新区管委会，省政府有关部门：
省教育厅、省委编办、省发展改革委、省财政厅、省人力资源社会保障厅、省数据和政务服务局《河北省公费师范生本研衔接培养实施办法》已经省政府同意，现转发给你们，请认真贯彻执行。
河北省人民政府办公厅
2024年7月30日

河北省公费师范生本研衔接培养实施办法
省教育厅省委编办省发展改革委省财政厅
省人力资源社会保障厅省数据和政务服务局
第一章总则
第一条为贯彻落实《教育部直属师范大学本研衔接师范生公费教育实施办法》精神，优化省级师范生公费教育制度，加强研究生层次中学教师培养，造就支撑教育强省的高素质卓越中学教师队伍，以教育家精神为引领，吸引优秀人才从教，进一步促进教育公平与质量提升，根据教育部支持我省开展本研衔接卓越中学教师培养专项试点工作意见，制定本办法。
第二条公费师范生本研衔接培养是面向省级公费师范生进行推荐免试攻读硕士研究生（以下简称推免），通过综合测评、择优选拔，采取“3+1+2”贯通模式的全日制教育硕士专业学位研究生培养管理制度。由省财政承担学生在校期间学费、住宿费并给予生活费补助，承担公费师范生培养工作的高等学校（以下简称培养高校）具体实施。
第三条公费师范生本研衔接培养主要是为全省县（市、区）及以下行政区域培养研究生层次中学教师。接受本研衔接培养的公费师范生（以下称本研衔接公费师范生）在校学习期间和毕业后须按照协议约定，履行相应的责任和义务。
第二章选拔录取
第四条省教育厅根据各县（市、区）中学教师队伍建设实际需要，结合培养高校的培养能力，商省委编办、省发展改革委、省财政厅、省人力资源社会保障厅统筹确定每年本研衔接公费师范生各专业推免名额，确保本研衔接公费师范生培养与教师岗位需求有效衔接。
第五条本研衔接公费师范生从符合推免条件的三年级公费师范生中择优选拔。在第七学期初，培养高校根据当年各专业的推免名额，按照推免程序，对符合推免条件的公费师范生进行综合测评。
第六条培养高校按综合测评成绩排名和推免名额确定本研衔接公费师范生录取名单，不得专门组织遴选推免生的考试（包括笔试、面试等）。
第七条培养高校要加大政策宣传力度，为考生报考公费师范生、提前了解并准备参与本研衔接公费师范生选拔营造良好环境。
第三章分段培养
第八条本研衔接公费师范生采取“3+1+2”本研贯通培养模式。“3”即前三年本科阶段培养；自第四年起，被推免录取为本研衔接的公费师范生进入“1”阶段培养，继续完成本科阶段后续课程学习的同时，开始硕士阶段学习；自第五年起，正式注册为全日制教育硕士专业学位研究生，进入“2”阶段培养。
第九条培养高校统筹设计并实施本研贯通人才培养方案，切实保障培养质量。完成本科、硕士研究生两个阶段学校规定学业且达到学士、硕士学位授予要求的，分别取得相应学历、学位。
第四章履约任教
第十条本研衔接公费师范生履约任教地应与原签订的《河北省公费师范生培养协议书》的履约任教地相一致。
第十一条本研衔接公费师范生、培养高校和履约任教地政府签订《河北省本研衔接公费师范生培养协议书》，明确三方权利义务，原签订的《河北省公费师范生培养协议书》自动解除。本研衔接公费师范生毕业后须到履约任教地中学任教，并承诺从事中学教育工作6年以上。
第十二条省教育厅会同省委编办、省人力资源社会保障厅按照事业单位新进人员实行公开招聘制度的要求，指导各履约任教地相关部门组织用人学校在需求岗位范围内进行专项招聘，通过双向选择等方式切实为每位毕业的本研衔接公费师范生落实任教学校和岗位。
第十三条本研衔接公费师范生毕业后，未履约任教或履约任教期限不足，按约定承担相应责任，违约行为作为失信信息纳入信用记录，并及时与河北省信用信息共享平台共享，违约相关材料归入本人人事档案。完成履约任务后即修复相关信用。省教育厅要建立健全履约动态跟踪管理机制，建立本研衔接公费师范生诚信档案，强化履约管理。
第十四条本研衔接公费师范生因生病、应征入伍等原因不能履行协议的，须提出中止协议申请，经省教育厅同意后，暂缓履约。待情况允许并经省教育厅核实后可继续履行协议。如确因身体原因需终止协议的，按协议约定解除协议。除上述情形外，未在学校规定学习年限内取得教育硕士研究生学历学位证书和教师资格证书的，按违约处理，须退还已享受的公费教育费用并缴纳违约金。
第十五条本研衔接公费师范生在就业、任教等环节有弄虚作假或其他违法、违规、违纪行为的，依据有关规定处理。
第五章激励措施
第十六条根据全省经济发展水平和财力状况，对本研衔接公费师范生的生活费补助标准进行动态调整。本研衔接公费师范生不享受国家励志奖学金、国家助学金和研究生学业奖学金，优秀本研衔接公费师范生可享受国家奖学金。
第十七条培养高校要建立本研衔接公费师范生职后专业发展跟踪服务机制，持续给予支持。省教育厅要持续关注本研衔接公费师范生成长动态和职业发展，有计划地组织本研衔接公费师范生参加国家级、省级教师培训。各县（市、区）教育行政部门及中学要创造良好条件，支持本研衔接公费师范生创新开展教学，制定五年一周期的专业发展支持方案，有计划地培养本研衔接公费师范生成长为基础教育领军人才、中小学校领导人员，推动地方基础教育改革发展。
第十八条各地要落实乡村教师生活补助、艰苦边远地区津贴等优惠政策，为本研衔接公费师范生到农村中学任教提供办公场所、周转宿舍等必要的工作生活条件。
第十九条将培养优秀本研衔接公费师范生工作成效作为评价培养高校办学水平的关键指标。省教育厅要对作出突出贡献的培养高校加大师范专业的支持力度。
第六章条件保障
第二十条各地要加强制度保障，在现有事业编制总量内，妥善解决本研衔接公费师范生到中学任教所需编制。本研衔接公费师范生招生计划应事先征求同级编办意见，做好编制预留。
第二十一条省教育厅会同相关部门负责做好选拔培养、就业落实、履约管理等工作；省教育厅会同省数据和政务服务局、中国人民银行河北省分行做好失信记录纳入、报送、公示、修复等相关工作；省委编办负责指导做好编制保障；省财政厅负责落实相关经费保障；省人力资源社会保障厅负责落实专项招聘政策等工作。各地各部门要切实加强协调，建立分工明确的责任管理体系。
第二十二条构建政府、中学与高校共同培养机制。培养高校要统筹各类资源，探索优秀教师培养新模式，集中最优质的资源用于本研衔接公费师范生培养，全面提高本研衔接公费师范生培养质量。
第二十三条加强本研衔接公费师范生师德教育，引导其树立先进的教育理念，热爱教育事业，坚定长期从教的职业理想，为将来成为优秀教师和教育家打下牢固根基。培养高校要精心制定教育培养方案，实行“双导师”制度，安排中学名师、高校高水平教师给本研衔接公费师范生授课。强化实践教学环节，落实教育硕士研究生培养阶段教育实践相关要求。
第二十四条各地要采取措施，积极引导社会团体、企事业单位、民间组织出资奖励，对毕业后长期从事中学教育的本研衔接公费师范生给予鼓励和支持。
第二十五条各级教育督导部门要将本研衔接公费师范生相关工作纳入督导内容。
第七章附则
第二十六条本办法印发前已签订《河北省公费师范生培养协议书》的本科一至三年级在读师范生，在本科三年级结束后，根据个人意愿提出接受本研衔接公费教育申请。培养高校根据学校当年硕士研究生推免名额，结合学校发展实际，统筹确定当年接收本研衔接公费师范生的推免名额，对符合推免条件的学生进行推免综合测评，经省教育厅及履约任教地政府同意后，择优录取。被推免录取学生须签署补充协议，可免试攻读本校全日制教育硕士研究生再履约任教，履约任教的相关要求与本办法相同。其他在本办法印发前已签订《河北省公费师范生培养协议书》的师范生，按原协议约定接受公费教育，并承担履约任教责任。违反约定或已经按照规定程序解除协议的，不适用本办法。
第二十七条本办法自印发之日起施行，有效期5年。



《河北省公费师范生本研衔接培养实施办法》解读
",政策文件,http://jyt.hebei.gov.cn/column.jsp,http://jyt.hebei.gov.cn/col/1410097726928/2024/08/02/1722589677566.html,http://jyt.hebei.gov.cn/col/1575448237070/2024/08/02/1722589780237.html;
河北省教育厅关于 2024年中小学教师公费培养工作的通知,2024年06月24日,有效,,政策文件,http://jyt.hebei.gov.cn/column.jsp,http://jyt.hebei.gov.cn/col/1410097726928/2024/06/26/1719396902876.html,
河北省教育厅关于举办第七届“新声”大学生语言文化艺术节的通知,2024年06月19日,有效,"

",政策文件,http://jyt.hebei.gov.cn/column.jsp,http://jyt.hebei.gov.cn/col/1410097726928/2024/07/02/1719929402582.html,
河北省教育厅  河北省财政厅关于做好河北省2024年农村义务教育阶段学校教师特设岗位计划实施工作的通知,2024年06月19日,有效,"各市（含定州、辛集市）教育局、财政局，雄安新区公共服务局、改革发展局，有关高等学校：
为深入贯彻党的二十大精神，进一步落实《中共中央国务院关于全面深化新时代教师队伍建设改革的意见》，加强农村教师队伍建设，推动乡村教育高质量发展，实现巩固拓展脱贫攻坚成果同乡村振兴有效衔接，根据《教育部办公厅财政部办公厅关于做好2024年农村义务教育阶段学校教师特设岗位计划实施工作的通知》（教师厅〔2024〕1号）要求，现就做好河北省2024年农村义务教育阶段学校教师特设岗位计划（以下简称“特岗计划”）实施工作通知如下。
一、目标任务
（一）实施范围
2024年河北省中央“特岗计划”实施范围为：原集中连片特殊困难地区、中西部国家扶贫开发工作重点县和省级扶贫开发工作重点县。
（二）招聘数量
2024年河北省计划招聘中央“特岗计划”教师2300名，涉及28个县，各设岗县招聘名额和岗位设置详见《河北省2024年中央“特岗计划”各县招聘岗位表》（附件1）。
二、工作原则
（一）“特岗计划”采取公开招聘方式，坚持“公开、公平、公正、自愿、择优”原则，坚持与教师编制统筹管理相结合，与教师资源均衡配置相结合，与提升教师队伍素质相结合原则。
（二）各设岗县必须在核定的中小学教职工编制总额内招聘特岗教师。持续优化教师队伍结构，进一步加强道德与法治、体育与健康、外语、科学、劳动、艺术、信息科技、心理健康、特殊教育等紧缺薄弱学科教师的补充。
（三）重点为乡村学校补充特岗教师，引导和鼓励高校毕业生到乡村学校任教。
三、招聘条件
（一）招聘对象
1.普通高等学校本科及以上毕业生，以师范类专业为主。
2.具有河北省户籍（或生源）的师范类普通高等学校的师范类专业专科毕业生（不包括早期教育和学前教育类专业专科毕业生）。
（二）基本条件
1.符合《中华人民共和国教师法》《教师资格条例》等法律法规规定的普通话水平、身体条件和心理条件。符合新时代中小学教师职业行为十项准则要求，无刑事犯罪记录和其他不得聘用的违法记录。
2.年龄不超过30周岁（1994年6月1日后出生），且未就业或已与原单位解除劳动（聘用）合同。
3.应聘初中教师岗位须具有普通高等学校本科及以上学历，应聘小学教师岗位应具有普通高等学校本科及以上学历或师范类普通高等学校的师范类专业专科学历。根据设岗县要求，应聘《河北省2024年中央“特岗计划”各县招聘岗位表》中带“★”号的小学教师岗位须具有普通高等学校本科及以上学历。对于2024年毕业暂未取得毕业证书的应聘人员，在签订《河北省2024年农村义务教育阶段学校教师特设岗位计划教师聘用协议书》前须取得毕业证书，否则取消应聘资格。
4.教师资格证书要求
（1）应聘初中教师岗位，须具有初级或高级中学教师资格证书，应聘岗位学科须与本人教师资格证书任教学科一致。
应聘小学教师岗位，须具有小学或初级、高级中学教师资格证书。应聘小学体育、音乐、美术、英语岗位，要求教师资格证书任教学科须与岗位学科一致或为小学全科；其他小学岗位不限教师资格证书任教学科。
中等职业学校文化课教师资格可按高级中学教师资格应聘相应岗位，其他中等职业学校教师资格不符合岗位要求。
（2）暂未取得教师资格证书，但已经取得《中小学教师资格考试合格证明》或《师范生教师职业能力证书》的应聘人员，可按照《中小学教师资格考试合格证明》或《师范生教师职业能力证书》上的学段、学科并依照上述（1）中的要求报考相应岗位。在签订《河北省2024年农村义务教育阶段学校教师特设岗位计划教师聘用协议书》前须取得并提供相应教师资格证书，否则取消应聘资格。
5.具有《普通话水平测试等级证书》，普通话水平必须达到国家语言文字工作委员会颁布的《普通话水平测试等级标准》二级乙等及其以上标准，语文学科岗位须达到二级甲等及其以上标准。
四、优惠政策
符合招聘条件，服务期满并且考核合格的普通高等学校本科及以上学历的“大学生志愿服务西部计划”“三支一扶计划”“选聘高校毕业生到村任职工作”人员，以及我省“在校大学生士兵退役复学应届毕业”人员（从河北省应征入伍且入伍前已被河北省普通高等学校录取并保留入学资格或正在河北省普通高等学校就学、复学的应届毕业专科及以上学历大学生退役士兵）参加招聘的，在笔试成绩中加5分。
五、招聘程序
（一）宣传动员
2024年6月24日在河北教师教育网（www.hbte.com.cn）向社会公布河北省“特岗计划”岗位需求信息。各级教育行政部门以及有关高等学校要通过多种形式、多种渠道广泛做好实施“特岗计划”的目的、意义宣传，发布招聘对象、条件和相关优惠政策及保障措施等，积极引导和鼓励高校毕业生报名参加特岗教师招聘工作。
（二）网上报名
河北教师教育网（www.hbte.com.cn）是唯一的河北省2024年特岗教师招聘报考网站，该网站“特岗教师招聘专栏”将按照招聘工作流程及时公布所有招考信息。应聘人员登录河北教师教育网“特岗教师招聘专栏”，进入网报页面报名。
1.报名时间。6月28日9:00至7月2日18:00，逾期不予受理。
2.报名须知。
（1）应聘人员限报一个设岗县的一个岗位，并须填写是否服从调剂。
（2）需按照报名系统提示要求，如实、完整填写相关信息，确保准确无误，并按以下要求上传资料。
照片须为本人近期1寸正面彩色免冠白底证件照，照片头部占照片尺寸的2／3，发型整洁，素颜、露耳，人像清晰，神态自然。
身份证、毕业证书、教育部学历证书电子注册备案表、普通话等级证书和教师资格证书（暂未取得教师资格证的应聘人员，须提供有效期内的《中小学教师资格考试合格证明》或《师范生教师职业能力证书》）等电子版图片。对于2024年毕业未取得毕业证书和教育部学历证书电子注册备案表的应聘人员，须提供教育部学籍在线验证报告电子版图片。
师范类普通高等学校的师范类专业专科毕业生需提供户口本的本人户籍页或公安部门出具的制式户籍证明的电子版图片；毕业证书信息不能证明是师范类普通高等学校且专业是师范类专业的，可由就读学校开具相关证明，并上传电子版图片。
上述图片，必须边框完整，无变形，字迹清晰，亮度均匀，无过度曝光，JPG格式，不大于1MB。
（3）应聘人员须对提供的证件、证明材料及个人有关信息的真实性负责。在整个招聘过程中，一经发现不符合招聘条件或隐瞒有关问题、提供虚假信息和证明材料的，立即取消其应聘资格；已经录用的，取消其聘用资格，所造成的后果和损失由应聘人员本人承担。
（4）招聘期间，各设岗县特岗招聘咨询联系方式可在河北教师教育网“特岗教师招聘专栏”的“通知通告”中查询。
（5）特岗教师招聘全程不向应聘人员收取任何费用。省教育厅不举办任何形式的特岗教师招聘考试培训班，不委托任何机构或个人举办相关培训班。
（三）资格审查
1.资格审查的时间。6月28日9:00至7月3日18:00。
2.资格审查的组织。资格审查实行网上审核，在省教育厅和设岗市教育局指导下，由设岗县教育局具体实施。设岗县要严格资格审查条件、程序，应成立由县教育局主要领导负责的审查机构，建立审核人和县教育局主要领导负责的审核机制，依据招聘条件，认真查验应聘考生网上填报信息和提供的证件、证书或证明材料，并须在2日内给出审核结果。
3.资格审查的要求。各设岗县须在7月3日9:00前完成全部应聘人员的首次审查。7月3日12:00前，因信息填写错误审查不合格的应聘人员，可以根据审查意见进行修改并再次提交，逾期不予受理。审查合格的应聘人员信息不能更改。
（四）笔试
1.笔试时间。7月14日上午9:00-11:30。
2.笔试形式和内容。笔试为闭卷考试，考试内容为教育法律法规、中小学教师职业道德修养基本要求、教育学、教育心理学、新课程理念。笔试不指定参考书目和考试大纲，主要考察应聘人员从教的基本素质和分析问题、解决问题的能力。笔试成绩总分为150分。笔试由省、市两级教育行政部门共同组织实施，省教育厅负责统一组织命题、制卷、阅卷，各设岗市教育局负责合理设置考点、考场和考试组织管理工作。
3.笔试考点设置。笔试考点由各设岗县所在市统一设置。各设岗市教育局务必于7月4日9:00前将本市考点及考场设置情况报省教育厅。
4.笔试准考证打印。7月11日-7月13日，网上资格审查合格的应聘人员须登录河北教师教育网“特岗教师招聘专栏”的“个人空间”，下载打印本人准考证，并在笔试当天持本人准考证和身份证原件到指定地点参加笔试。
5.加分材料的提交及核查。7月13日下午14:00-16:00在笔试考点，“大学生志愿服务西部计划”“三支一扶计划”和“选聘高校毕业生到村任职工作”的应聘人员，提交县级以上项目主管部门颁发的服务期满合格证书（或证明）原件和复印件，“在校大学生士兵退役复学应届毕业”应聘人员，提交中国人民解放军士官（或义务兵）退出现役证原件和复印件，并提交本人身份证原件和复印件。设岗市教育局对原件和复印件核查无误后，原件本人带回，证书复印件（或证明原件）和身份证复印件留存，各市汇总后笔试送卷时统一报省教育厅审查。
6.笔试成绩查询。7月23日，应聘人员可登录河北教师教育网“特岗教师招聘专栏”的“个人空间”查询本人笔试成绩。如对笔试成绩有疑问，可填写笔试成绩复核申请表，并于7月24日12:00前，将复核申请表电子版以邮件附件形式发送至hbtgzp@mail.hebtu.edu.cn邮箱，申请复核，逾期不予受理。成绩复核按照《人力资源社会保障部办公厅关于印发〈专业技术人员职业资格考试考务工作流程〉的通知》（人社厅发〔2021〕18号）有关要求执行。
（五）综合素质测试
1.测试时间。2024年7月14日上午11:45-12:00。
2.综合素质测试为闭卷考试，测试题均为选择题，应聘人员须每题必答。测试结果不计入笔试成绩，将作为面试参考。
（六）拟进入面试人员的确定及现场资格复查
1.拟进入面试人员的确定。根据应聘人员志愿和笔试成绩排序，按照设岗县岗位设置数的1∶1.5比例确定。对达不到1∶1.5比例的，按照笔试成绩从高到低顺序调剂；如拟参加面试人员确定时，最后1名有2名及以上笔试成绩相同的，则同时确定为拟进入面试人员。应聘人员于7月30日登录河北教师教育网“特岗教师招聘专栏”的“个人空间”，查询本人是否为拟进入面试人员。
2.现场资格复查。面试前，由设岗县组织对拟进入面试人员进行现场资格复查。主要审查材料：本人居民身份证、毕业证书、教育部学历证书电子注册备案表、普通话等级证书和教师资格证书（暂未取得教师资格证的人员，须提供有效期内的《中小学教师资格考试合格证明》或《师范生教师职业能力证书》）等原件；师范类普通高等学校的师范类专业专科毕业生拟参加面试人员，查验户籍（生源）是河北籍的证明材料，师范类普通高等学校和师范类专业毕业的证明材料原件。主要查验证件、证书和证明是否真实有效，是否与网报信息一致。拟进入面试人员不能提供或提供虚假证件、证明的，或与网报信息不一致的，不能取得面试资格。
（七）面试
1.面试时间。8月3日至8月5日，具体面试时间由各设岗县确定，报所在市教育局备案。进入面试人员可通过所报设岗县教育局特岗教师招聘联系方式提前咨询面试事宜。
2.面试内容和形式。面试主要考察应聘人员的学科知识、教育教学能力、教师基本素养、语言表达能力、仪表举止等，采取课堂试讲和答辩等形式。面试成绩总分为100分。
3.面试工作组织。面试工作由设岗市教育局统一组织实施，也可在设岗市教育局指导下，由设岗县教育局组织实施。具备面试资格的应聘人员须按照面试要求按时到指定地点参加面试，否则视为自动放弃。
（八）体检
面试期间，由设岗县教育局统一组织具备面试资格的应聘人员在二级乙等及以上医院进行体检，体检标准参照《河北省申请教师资格人员体检标准及办法（试行）》和人力资源和社会保障部《关于进一步规范入学和就业体检项目维护乙肝表面抗原携带者入学和就业权利的通知》（人社部发〔2010〕12号）执行。对外科、内科、胸透X线片等基本健康体检项目，普通高等学校毕业生近6个月内已在合规医疗机构进行体检的，县教育局应当认可其结果，原则上不得要求其重复体检，法律法规另有规定的从其规定。无故不参加体检者视为自动放弃聘用资格，体检不合格者取消聘用资格。
（九）确定拟聘人员
1.从体检合格的应聘人员中，按照报考岗位考试总成绩（笔试成绩加面试成绩）从高到低依次确定拟聘人员。
2.如拟聘人员最后1名出现有2人或2人以上考试总成绩相同的，则按照学历、面试成绩、本地生源、有在义务教育学校连续从教2年以上经历、有半年以上实习支教经历的师范院校毕业生和我省“在校大学生士兵退役复学应届毕业生”人员六种情况在同等条件下优先确定拟聘人员。仍不能确定的，由设岗县对上述条件相同应聘人员进行二次面试。
3.特岗教师拟聘人数达不到设岗县岗位计划招聘人数的，由省教育厅在设岗市内其他设岗县相同岗位服从调剂的落聘人员中，按照考试总成绩从高到低顺序依次进行调剂。考试总成绩相同的，按照上述六种情况在同等条件下优先进行调剂。
4.8月8日，各市教育局要按省教育厅要求，将本市各设岗县拟聘人选、落聘人选、体检不合格人员、资格复查不合格人员、面试未报到人员等情况汇总后报省教育厅。
5.8月16日前，省教育厅将通过河北教师教育网“特岗教师招聘专栏”向社会公示全省拟聘特岗教师名单。
（十）岗前培训
岗前培训工作由省教育厅统一部署，在设岗市教育局指导下，由设岗县教育局组织实施，培训时间、培训形式由设岗县教育局确定。培训工作须于秋季开学前完成，确保新聘用特岗教师秋季开学按时上岗。
（十一）签订聘用协议
8月31日前，设岗县人民政府与特岗教师拟聘人选签订《河北省2024年农村义务教育阶段学校教师特设岗位计划教师聘用协议书》。协议书一式四份，双方各持一份，存入本人人事档案一份，9月30日前报省教育厅备案一份。凡在规定时间内未签订聘用协议的，视为放弃聘用资格。
（十二）上岗任教
特岗教师由设岗县教育局按照招聘岗位统一派遣。设岗学校要做好特岗教师的教学工作安排和日常管理。特岗教师若在规定时间内不报到或不服从安排，取消其聘用资格。设岗县可依据聘用协议追究其有关责任。
六、招聘要求
（一）笔试、面试和录取有关工作按照《河北省教育厅关于做好河北省农村义务教育阶段学校教师特设岗位招聘考试录取工作的通知》（冀教师〔2019〕13号）文件执行。
（二）设岗县要严格落实《教育部关于推开教职员工准入查询工作的通知》（教师函〔2023〕1号）要求，严把教师入口关。对于拟聘用人员经查询发现有《关于建立教职员工准入查询性侵违法犯罪信息制度的意见》（高检发〔2020〕14号）《关于落实从业禁止制度的意见》（法发〔2022〕32号）规定情形的，不得录用，并由设岗县教育局书面告知不录用理由和申请复查权利。
（三）省级负责特岗教师招聘网上报名和笔试等相关工作费用，不足部分由市级负责，县级负责资格审查、面试、体检和岗前培训等相关工作费用。
七、聘期管理
（一）管理考核
1.设岗县对在聘用期内的特岗教师实行协议管理。依据《河北省2024年农村义务教育阶段学校教师特设岗位计划教师聘用协议书》中规定的设岗县和特岗教师双方的权利和义务，按照《河北省特岗教师管理办法（试行）》规定，设岗县教育局和设岗学校对特岗教师进行日常管理和考核。
2.2024年教育部将继续把“全国教师管理信息系统”数据作为“特岗计划”实施情况、核定招聘计划和拨付中央补助经费的基础数据，各市县要高度重视、倒排时间表、明确责任，扎实做好“全国教师管理信息系统”数据录入和更新工作（包括经省教育厅批准招聘的市级地方特岗教师），确保特岗教师数据库完整准确。
3.结合特岗教师数据库建设，及时掌握特岗教师的基本信息，加强动态管理，深入挖掘和广泛宣传特岗教师中的优秀典型，对于优秀特岗教师以适当形式予以表彰奖励。
（二）工资及待遇保障
1.“特岗计划”所需资金由中央财政与地方财政共同承担，教育部、财政部将根据各地2024年招聘计划和往届特岗教师在岗人数核拨2024年“特岗计划”中央补助经费。从2024年1月1日起，中央补助经费由年人均3.52万元提高到3.88万元。特岗教师工资性收入高于中央补助经费标准的，其高出部分由设岗县人民政府承担。设岗县负责统筹安排特岗教师的工资、地方性补贴、必要的交通补助、体检费和按规定纳入当地社会保障体系、享受相应的社会保障待遇（不含商业保险）应缴纳的相关费用等。
2.设岗县要强化主体责任，确保特岗教师工资按时足额发放，按规定参加社会保险，同等条件下在工资津贴、绩效奖励、各类补贴补助、社会保障、公积金缴存、职称评聘、评先评优、年度考核等各方面享受当地公办学校在编教师同等待遇。
（三）户档管理
服务期内，根据本人意愿，特岗教师户口可留在原籍，也可迁至工作学校所在地；档案关系原则上统一转至工作学校所在地的县级人民政府教师人事档案管理部门。
（四）培训管理
设岗县要系统开展特岗教师培训工作。各地要对标2035年建成教育强国目标，围绕高素质教师队伍建设，制定培训规划，为特岗教师提供高质量的培训研修服务。加强岗前培训，帮助新教师尽快适应教育教学工作；按照乡村教师实际需求优化培训内容和方式，开展针对性的教育和培训；强化师德师风教育，规范教师从教行为，不断提高教师自身修养，落实立德树人根本任务；加强非师范专业毕业生教育教学技能培训，提升教育教学基本素质与能力。
（五）监督管理
各地要严格开展“特岗计划”实施和教师保障政策落实工作的监督和检查，重点督查按照核定计划和岗位要求开展教师招聘、特岗教师工资按时足额发放、社会保险及公积金缴纳和服务期满留任特岗教师入编手续及时办理等情况，对存在问题的县（市、区），要及时予以督促整改。特岗教师保障政策落实存在突出问题的县，要及时整改，对整改不力的，下一年度将核减或取消其设岗名额。
八、保障政策
（一）特岗教师享受《中共河北省委办公厅河北省人民政府办公厅印发<关于进一步引导和鼓励高校毕业生到基层工作的实施意见>的通知》（冀办发〔2017〕23号）、人事部等部门《关于组织开展高校毕业生到农村基层从事支教、支农、支医和扶贫工作的通知》（国人部发〔2006〕16号）和河北省教育厅、财政厅、人力资源和社会保障厅、机构编制委员会办公室联合下发的《关于做好全省农村义务教育阶段学校特设岗位教师服务期满落实工作岗位的通知》（冀教师〔2012〕3号）等文件规定的各项优惠政策。
（二）设岗县要严格按照有关文件精神，保证三年服务期满、考核合格且愿意留任的特岗教师及时入编并落实工作岗位，做好相关人事、工资关系等接转工作，连续计算工龄、教龄，不再实行试用期，做好服务证书编制和发放工作。按照国家有关规定落实好服务期满特岗教师相关优惠政策。落实好周转宿舍等安排，帮助解决特岗教师工作生活中的实际困难。
（三）对服务期满重新择业的特岗教师，省、市、县有关部门应在辖区内为其重新选择工作岗位和办理户口迁移提供方便条件和必要的帮助。被党政机关或企事业单位正式录用（聘用）的，其服务期按我省规定应计算为工龄、社会保险缴费年限。
九、其他
（一）应聘人员参加考试招聘要诚实守信，有下列情况之一的，三年内不得报考特岗教师：
1.不符合招聘条件，在报名时弄虚作假或隐瞒有关问题、提供虚假信息和证明材料的。
2.在特岗教师招聘考试中有违纪作弊行为的。
3.签订了特岗教师聘用协议书，未履行协议的。
（二）常见问题详见河北教师教育网《河北省2024年特岗教师招聘常见问题解答》。

附件：1.河北省2024年中央“特岗计划”各县招聘岗位表
2.河北省2024年中央“特岗计划”报名政策咨询电话
3.河北省2024年农村义务教育阶段学校教师特设岗位计划教师聘用协议书


河北省教育厅河北省财政厅
2024年6月19日",政策文件,http://jyt.hebei.gov.cn/column.jsp,http://jyt.hebei.gov.cn/col/1410097726928/2024/06/24/1719223969305.html,http://jyt.hebei.gov.cn/download.jsp?pathfile=/atm/7/20240624182139117.docx;http://jyt.hebei.gov.cn/download.jsp?pathfile=/atm/7/20240624182139102.docx;http://jyt.hebei.gov.cn/download.jsp?pathfile=/atm/7/20240624182138973.docx;
河北省教育厅关于开展首个河北省学生心理健康宣传教育月活动的通知,2024年05月14日,有效,,政策文件,http://jyt.hebei.gov.cn/column.jsp,http://jyt.hebei.gov.cn/col/1410097726928/2024/05/21/1716285780045.html,
河北省教育厅关于公布2023年省级基础教育学科精品课和特殊教育精品课名单的通知,2024年05月13日,有效,,政策文件,http://jyt.hebei.gov.cn/column.jsp,http://jyt.hebei.gov.cn/col/1410097726928/2024/08/16/1723777233713.html,
河北省教育厅关于做好2024年普通中小学招生入学工作的通知,2024年05月07日,有效,"各市（含定州、辛集市）教育局，雄安新区公共服务局：
为全面落实教育部中考改革座谈会精神和《教育部办公厅关于开展义务教育阳光招生专项行动（2024）的通知》（教基厅函〔2024〕11号）要求，进一步规范普通中小学招生秩序，营造良好教育生态，现就做好2024年普通中小学招生入学工作有关事项通知如下。
一、认真做好义务教育学校招生入学工作
（一）全面落实义务教育入学政策
1.合理划定招生片区范围。市、县教育行政部门要在适龄儿童少年摸底调查登记结果基础上，进行生源分布情况分析。按照“学校划片招生、生源就近入学”的目标要求，根据本行政区域内适龄儿童少年人数、学校分布和规模、行政区划、交通状况等因素，为每所义务教育学校科学划定招生片区范围，核定招生计划，确保义务教育划片就近入学全覆盖。市、县教育行政部门可根据实际，积极探索多校划片，将热点学校分散划入相应片区，推进片区间优质教育资源大体均衡。招生片区划定后应在一段时期内保持相对稳定，对出现学校布局调整、学龄人口变化较大等情况的，可在科学评估、广泛征求意见的基础上适当调整片区范围，提前向社会公布，并深入细致做好宣传解释工作，确保招生秩序平稳。高等学校附属中小学义务教育阶段招生入学纳入所在地招生入学工作统一管理。政府购买的民办学校学位，按照公办学校划片办法统一招生。
2.继续坚持公民同招。民办义务教育学校招生继续纳入审批地统一管理，优先满足学校所在县（市、区）学生入学需求，所在县（市、区）招不满且审批机关为市级教育行政部门或行政审批部门的，可以在审批机关管辖区域内适当跨县招生，不得跨设区的市招生。所有义务教育学校均要落实公民同招工作要求，不得通过任何形式提前摸底争抢生源，坚决杜绝以任何形式提前招生。报名人数超过核定招生计划数的民办学校，采取电脑随机派位方式招生。电脑随机派位招生由审批地教育行政部门统一组织，随机派位过程应邀请公证机构、两代表一委员、中小学教师代表、家长代表等参与监督，派位结果即时向社会公开。
3.健全有序录取机制。各地要按照免试就近入学总体要求，分别明确小学、初中学生录取的具体方式和规则，切实保障入学机会公平。片区内登记报名人数少于学校招生计划的，学校应全部录取；超过学校招生计划的，按照市县级教育行政部门已明确的规则录取，其余未录取的学生由县级教育行政部门就近协调安排入学。
4.严格免试入学。所有公办、民办义务教育学校都要严格遵守义务教育免试入学规定，严禁采用考试、面试、测试、测评、竞赛、面谈、筛选简历或者任何变相形式选拔学生；严禁自行组织或与社会培训机构联合组织以选拔生源为目的的各类考试；严禁采用社会培训机构的各类考试结果作为招生依据或参考；严禁以各类考试、竞赛、培训成绩或证书等作为招生依据或参考；严禁以“国际部”“国际课程班”“境外班”等名义招生。全面规范清理特殊类型招生政策，义务教育阶段学校的拔尖创新人才早期培养、外语艺术体育办学特色学校的特殊类型招生政策须经省级教育行政部门审批、备案，未经审批、备案的特殊类型招生不得开展。
（二）确保义务教育学位资源供需平衡
1.防止大班额反弹。各地要动态研判义务教育学龄人口变化趋势，科学规划区域内城乡中小学布局，确保城乡中小学布局与区域学龄人口变化相适应。落实好城镇居住区配套学校建设与住宅建设首期项目同步规划、同步建设、同步交付使用的要求，保障义务教育学位供给，切实满足适龄儿童少年就近划片入学需求，确保56人及以上大班额问题不再反弹。鼓励有条件的地区和学校按照小学每班不超过45人、初中每班不超过50人标准招生。
2.扩大优质教育资源覆盖面。各地要进一步深化义务教育办学模式改革，通过学区化管理、集团化办学、城乡学校共同体建设等方式，缩小城乡、区域、校际之间差距，扩大优质教育资源覆盖面，最大程度满足人民群众对优质义务教育的需求。
3.建立预警制度。县级教育行政部门要建立健全招生入学工作预警机制，加强对学龄人口变化趋势的预测分析，对出现常住人口中适龄儿童逐年增加、学位供给紧张的情况，要尽早、提前向社会发布预警提示，合理引导家长预期。招生期间，县级教育行政部门要对管辖区域内可能新增大班额的学校进行预警提示，坚决防止产生新的大班额。
（三）依法保障适龄儿童少年入学权利
1.保障适龄儿童少年入学。各地要严格落实《义务教育法》《未成年人保护法》等法律规定，切实保障适龄儿童少年接受义务教育权利。加强宣传教育，督促父母或者其他法定监护人依法送适龄儿童少年按时入学接受义务教育。适龄儿童少年因身体状况需要延缓入学的，应当由其父母或其他法定监护人提出申请，提供县级及以上医疗单位出具的身体状况证明，由当地乡镇政府或者县级教育行政部门批准。父母或其他法定监护人无正当理由未送适龄儿童少年入学接受义务教育的，由当地乡镇政府或者县级教育行政部门给予批评教育，责令限期改正；逾期不改的，由司法部门依法发放相关司法文书，敦促其送适龄儿童少年入学；情节严重构成犯罪的，依法追究法律责任。
2.保障随迁子女入学权利。深入推进以流入地政府为主、以公办学校为主，同时将常住人口纳入区域教育发展规划、将随迁子女教育纳入财政保障范围，以居住证为主要依据的随迁子女义务教育入学政策，加快推进随迁子女在公办学校或以政府购买民办学校学位方式入学就读。各地要合理确定入学条件，全面清理取消不合规的随迁子女入学证明材料及其时限要求，不得要求提供户籍地无人监护等无谓证明材料，鼓励有条件的地方仅凭居住证入学。简化优化入学流程，在参与报名、电脑随机派位等环节对随迁子女一视同仁，确保符合条件的随迁子女享有平等入学权利。教育行政部门要联合人力资源社会保障、公安等部门和街道、社区广泛宣传随迁子女入学条件及入学流程。学校要实行随迁子女与本地户籍学生混合编班、统一管理，加强对随迁子女的教育管理服务，保障随迁子女平等接受教育。妥善做好港澳台及侨胞子女、外籍人员子女入学工作。
3.做好残疾儿童少年入学工作。积极推进融合教育，优先采用普通学校随班就读的方式，就近安排能够接受普通教育的适龄残疾儿童少年接受义务教育；不能接受普通教育的，由县级教育行政部门统筹安排进入特教学校就读；因残疾程度较重不能进入学校或儿童福利机构（含未成年人救助保护机构）特教班就读的，应采取送教上门的形式实施教育，并纳入特教学校学籍管理。对于入学安置有争议的，由县级残疾人教育专家委员会对其接受义务教育的能力进行评估认定，提出入学安置意见，明确适龄残疾儿童少年接受义务教育的方式和具体就读（送教）学校，做到应入尽入。
（四）严格做好控辍保学工作
1.建立健全义务教育控辍保学常态化报告工作机制。落实县（市、区）长、教育局长、乡（镇）长、村长、校长、家长、师长（班主任）“七长”责任制，精准实施控辍保学措施。各地要通过“四查三比对”即查户籍、查学籍、查在校学生、查脱贫户适龄儿童少年，用户籍与学籍比对适龄失学儿童少年、用学籍与在校学生比对辍学学生、用辍学学生与脱贫户数据库比对脱贫户辍学学生，入户摸排等方式，摸清工作底数。县级教育行政部门要在此基础上建立适龄儿童台账（含随迁子女）、疑似辍学学生台账（含失学学生）、辍学学生台账“三本台账”，并根据自查结果等动态更新，做到人账相符。
2.准确做好特殊群体学生就学排查监测。各地要把孤儿、事实无人抚养儿童、残疾儿童、留守儿童、困境儿童、随迁子女、涉案未成年人等特殊群体作为重点排查和监测对象，准确掌握特殊群体学生就学情况，健全辍学学生快速发现与响应机制。
3.进一步健全省市县校四级联动机制。学校一月一报告，对按有关规定认定为疑似辍学或辍学的学生，及时纳入相应台账，并向主管教育部门上报；县区一季度一复核，县级教育部门对各校报送的疑似辍学和辍学学生数据进行复核；地市一学期一调研，市级教育部门每学期联合相关部门开展一次控辍保学工作情况调研；省级一学年一评估，省教育厅、督导部门每学年对辖区内控辍保学工作情况进行评估。
4.落实教育优待政策。各地要落实好烈士子女、符合条件的现役军人子女、公安英烈和因公牺牲伤残公安民警子女及其他各类优抚对象的教育优待政策。不得随意扩大、缩小教育优待政策对象范围。
（五）努力加大便民惠民力度
1.规范报名信息采集。各地要健全义务教育入学报名登记制度，按照材料非必要不提供、信息非必要不采集原则，提前明确、广泛宣传报名登记所需材料、报名时间和办理方式。全面清理取消学前教育经历、计划生育证明、超过正常入学年龄证明等无谓证明材料。预防接种证明不作为入学报名前置条件，可在开学后及时要求学生提供。应当采集学生基本信息、家庭住址及家长姓名、联系方式等必要信息，严禁采集学生家长职务和收入信息。信息采集工作应在招生入学时一次性采集，不得利用各类APP、小程序随意反复采集学生相关信息。
2.推进招生入学“一网通办”。各地要本着便民高效的原则，进一步简化优化报名程序和证明材料。落实好“高效办成一件事”要求，鼓励各地建设和完善统一的义务教育招生入学服务平台，与相关部门建立户籍、房产、社保等入学关键数据提取核查机制，加快推进相关信息共享，逐步实现网上报名、材料审核和录取，实现招生入学“一站式”管理服务，切实为群众办事提供便利。
3.做好均衡分班。全省义务教育阶段公办、民办学校要严格落实均衡编班规定，对新入学的义务教育学生，要按照随机派位方式均衡编班，均衡配备师资，严禁学校以任何名义设立或变相设立重点班、快慢班、实验班等。学校分班工作应在主管教育行政部门监督指导下完成，鼓励由主管教育行政部门统一进行随机派位均衡编班。
二、切实加强普通高中招生管理工作
（一）合理确定招生范围
1.严格落实属地招生。普通高中学校招生要以初中毕业生升学考试成绩为依据、参照综合素质评价结果录取，不得录取无河北省初中毕业生升学考试成绩的学生。公办普通高中实行属地招生，具体招生范围由各市教育局在区域内统筹确定。县（市、区）属公办普通高中在本县（市、区）域内招生，设区市市属公办普通高中在本市城市区范围内招生。民办普通高中在审批地招生，具体招生范围和计划分布由审批地市级教育行政部门在本区域内确定，各市要规范辖区内跨县域招生。高等学校附属中学招生，由所在地市教育局统一管理，招生范围与所在地其他同类学校相同。
2.规范做好特殊类型招生。空军青少年航空班、海军青少年航空班按照国家有关规定，在全省范围内招生。河北省男、女足球实验班可跨市域招生各5名，河北省男、女篮球实验班可跨市域招生各3名，具体招生工作按照《河北省教育厅关于设立河北省校园体育实验班并做好招生工作的通知》（冀教体卫艺〔2024〕3号）要求进行。开设体育、艺术、小语种特色课程的普通高中招生范围由各市教育局确定。普通高中“国际部”招生工作，实行计划单列，纳入统一招生管理，录取分数应达到同批次学校录取要求。
3.保障随迁子女平等升学。各地要积极完善进城务工人员随迁子女初中毕业升学报名、审核、录取办法，保障符合条件的进城务工人员随迁子女在流入地参加初中毕业生考试、升学。对回户籍地参加升学考试的随迁子女，户籍地和流入地教育行政部门要妥善做好考生考试报名服务工作，保障随迁子女能在户籍地顺利参加初中毕业生考试、升学。
（二）严格管理招生计划
1.积极扩大学位供给。各地要根据区域内初中毕业生数量、普通高中布局、学位供给、办学条件等情况，科学编制普通高中招生计划。应根据当地人口规模变化趋势，通过新建、改扩建、挖潜、转设等方式，积极扩大普通高中学位供给，满足人民群众对上普通高中的需求，减少教育焦虑。坚决杜绝大班额，起始年级班额不得超过55人，鼓励减少班容量至50人以下。
2.全面落实指标到校。各市要认真落实优质普通高中招生指标分配到初中政策，继续按照不低于80%的比例将公办省级示范性高中招生名额均衡分配到区域内初中学校，原则上只用于录取本地各初中在籍在校应届初中毕业生，分配名额适当向区域内农村初中、薄弱初中倾斜，促进义务教育均衡发展。鼓励各市探索将优质民办普通高中招生名额按照一定比例均衡分配到区域内初中学校。
3.加强自主招生管理。各市教育局要制定普通高中自主招生管理办法，普通高中要结合本校实际制定自主招生工作方案，经市教育局审核批准后报省教育厅备案，并由各市统一向社会公布。要严格控制普通高中自主招生计划，每年普通高中自主招生计划不得超过普通高中招生计划总数的5%，并纳入招生高中学校总招生计划数管理。普通高中自主招生录取，应当安排在本市公布初中毕业生升学考试成绩以后与统招生录取同步进行，不得提前自行组织选拔性文化考试。
4.做好招生计划备案。普通高中要按照招生计划规定的数量，录取填报本校志愿的初中毕业生，不得超计划招生，不得录取未填报本校志愿的初中毕业生。各市普通高中招生计划经各市教育局审定后，分县（市、区）、分学校一次性下达普通高中招生计划，不预留机动计划。各市教育局要填写普通高中招生计划备案表（见附件），于5月30日前报省教育厅备案。各市、各普通高中要严格按照公告的招生计划进行招生录取工作，不得提前擅自招生。
三、切实加强组织领导
（一）全面推进阳光招生。组织开展义务教育阳光招生专项行动（2024），各地要围绕优化政策措施、规范招生行为、强化信息公开、优化招生入学流程、保障特殊群体等重点任务，全面排查人民群众反映强烈的突出问题，进一步完善义务教育免试就近和“公民同招”入学政策、规定、程序、办法，增强招生入学工作的科学性、规范性、透明度，坚决整治“暗箱操作”“掐尖招生”等现象，严肃查处各类跟招生入学挂钩、关联的收费行为，健全公平入学长效机制，严防出现群众身边的腐败，进一步提高人民群众的教育满意度。
（二）严格加强学籍管理。各地各学校要按照教育部《中小学生学籍管理办法》《河北省义务教育阶段学生学籍管理办法实施细则（修订）》《河北省普通高中学生学籍管理办法实施细则（修订）》规定，及时完成新生学籍注册。各级教育行政部门要充分利用全国中小学生学籍信息管理系统加强日常监管，严格落实学生“人籍一致，籍随人走”，严禁出现人籍分离、空挂学籍、学籍造假等现象，严禁学校借转学名义变相掐尖招生，严禁为违规跨区域招收的学生和违规转学学生办理学籍转接。
（三）严肃招生入学纪律。严格执行相关法律法规和教育部提出的普通中小学招生入学“十项严禁”（教基厅〔2018〕5号）纪律要求。健全违规招生查处和责任追究机制，畅通违规举报和申诉受理渠道，及时纠正和严肃查处各种违规违纪招生行为。对违规的公办学校，由主管教育行政部门责令限期整改，视情节轻重给予警告、通报批评、取消评优评先资格、撤销荣誉称号等处罚。对违规的民办学校，由主管教育行政部门责令限期整改，视情节轻重给予约谈、通报批评、罚款、依照有关规定给予减少年度招生计划、停止当年招生直至吊销办学许可证等处罚。对违规参与招生的校外培训机构，由主管教育行政部门责令限期整改，视情节轻重给予警告、通报批评、列入“黑名单”、停止招生直至吊销办学许可证等处罚。对违规违纪的个人，按照干部管理权限，视情节轻重给予相应的党纪、政务处分直至撤职或者解除聘用关系；涉嫌违法犯罪的，移交司法部门追究法律责任。对于因监管不到位、履职不到位造成不良影响或严重后果的地方，要依法依规严肃追究相关单位和人员的责任，努力营造规范有序、令行禁止的良好生态。
（四）强化宣传引导。各级教育行政部门和学校要在招生工作开始前，通过多种形式主动向社会公开招生相关信息。学校要在开学前向社会公布新生名单等信息，主动公开招生结果，自觉接受社会监督。各级教育行政部门要与宣传部门、新闻媒体和有关单位通力合作，加强舆论宣传引导，规范新闻报道，充分、深入、细致解读当地招生入学政策，积极回应人民群众关切。在招生入学关键环节和关键时点，就关键政策、疑难点做好宣传释疑，为家长提供咨询服务。
各地要结合本地实际，研究制定2024年普通中小学招生入学工作具体办法，于5月30日前报省教育厅基础教育处备案，于6月15日前，将经省教育厅备案的本市普通高中招生计划在官网上公告，公告期不少于6个月。

附件：普通高中招生计划备案表


河北省教育厅
2024年5月7日",政策文件,http://jyt.hebei.gov.cn/column.jsp,http://jyt.hebei.gov.cn/col/1410097726928/2024/05/10/1715325056341.html,http://jyt.hebei.gov.cn/download.jsp?pathfile=/atm/7/20240510153350399.xlsx;
河北省教育厅关于选树师德标兵的通知,2024年05月07日,有效,,政策文件,http://jyt.hebei.gov.cn/column.jsp,http://jyt.hebei.gov.cn/col/1410097726928/2024/05/20/1716188103447.html,
河北省教育厅关于举办第十五届中小学幼儿园教师师德征文暨师德风采演讲活动的通知,2024年05月07日,有效,,政策文件,http://jyt.hebei.gov.cn/column.jsp,http://jyt.hebei.gov.cn/col/1410097726928/2024/05/20/1716187611026.html,
河北省语言文字工作委员会河北省教育厅关于参加全国第六届中华经典诵写讲大赛的通知,2024年04月28日,有效,,政策文件,http://jyt.hebei.gov.cn/column.jsp,http://jyt.hebei.gov.cn/col/1410097726928/2024/04/28/1714295344791.html,
河北省语言文字工作委员会河北省教育厅关于举办第六届中华经典诵写讲大赛“笔墨中国”汉字书写大赛河北省选拔赛暨河...,2024年04月28日,有效,,政策文件,http://jyt.hebei.gov.cn/column.jsp,http://jyt.hebei.gov.cn/col/1410097726928/2024/04/28/1714295242004.html,
河北省教育厅关于印发《河北省教育系统内部审计工作规定（试行）》的通知,2024年04月17日,有效,"


关于《河北省教育系统内部审计工作规定（试行）》政策解读",政策文件,http://jyt.hebei.gov.cn/column.jsp,http://jyt.hebei.gov.cn/col/1410097726928/2024/04/30/1714444832777.html,http://jyt.hebei.gov.cn/col/1575448237070/2024/04/30/1714445239634.html;
河北省教育厅关于设立河北省校园体育实验班并做好招生工作的通知,2024年04月16日,有效,,政策文件,http://jyt.hebei.gov.cn/column.jsp,http://jyt.hebei.gov.cn/col/1410097726928/2024/04/17/1713316308841.html,
河北省教育厅关于2024年河北省公费培养幼儿园教师工作的通知,2024年04月11日,有效,"
",政策文件,http://jyt.hebei.gov.cn/column.jsp,http://jyt.hebei.gov.cn/col/1410097726928/2024/04/15/1713151756394.html,
河北省语言文字工作委员会关于印发2024年工作要点的通知,2024年04月03日,有效,,政策文件,http://jyt.hebei.gov.cn/column.jsp,http://jyt.hebei.gov.cn/col/1410097726928/2024/04/28/1714294730291.html,
河北省教育厅关于确定首批河北省中小学科学教育实验区、实验校的通知,2024年03月25日,有效,"

",政策文件,http://jyt.hebei.gov.cn/column.jsp,http://jyt.hebei.gov.cn/col/1410097726928/2024/03/27/1711533255722.html,
河北省教育厅河北省人力资源和社会保障厅关于开展2024届高校毕业生分区域春季学期招聘活动的通知,2024年03月15日,有效,,政策文件,http://jyt.hebei.gov.cn/column.jsp,http://jyt.hebei.gov.cn/col/1410097726928/2024/03/22/1711104722834.html,
河北省教育厅关于燕赵名师申报评定工作的通知,2024年03月14日,有效,,政策文件,http://jyt.hebei.gov.cn/column.jsp,http://jyt.hebei.gov.cn/col/1410097726928/2024/03/18/1710727571838.html,
河北省教育厅关于开展2024届高校毕业生分学科系列招聘活动的通知,2024年03月12日,有效,,政策文件,http://jyt.hebei.gov.cn/column.jsp,http://jyt.hebei.gov.cn/col/1410097726928/2024/03/22/1711104843765.html,
河北省教育厅关于做好八年级地理、生物学和信息科技学业水平考试工作的通知,2024年02月08日,有效,,政策文件,http://jyt.hebei.gov.cn/column.jsp,http://jyt.hebei.gov.cn/col/1410097726928/2024/02/18/1708221417318.html,
河北省教育厅关于做好2024年初中毕业与升学考试工作的通知,2024年02月08日,有效,,政策文件,http://jyt.hebei.gov.cn/column.jsp,http://jyt.hebei.gov.cn/col/1410097726928/2024/02/18/1708221286695.html,
河北省教育厅关于印发河北省特色普通高中评估认定管理办法（试行）的通知,2024年02月06日,有效,"




附件：河北省特色普通高中评估标准（试行）",政策文件,http://jyt.hebei.gov.cn/column.jsp,http://jyt.hebei.gov.cn/col/1410097726928/2024/02/19/1708326342570.html,http://jyt.hebei.gov.cn/download.jsp?pathfile=/atm/7/20240219155329699.pdf;
河北省教育厅等四部门关于进一步规范义务教育课后服务有关工作的通知,2024年01月12日,有效,"各市（含定州、辛集市）教育局、发展改革委（局）、财政局、市场监管局，雄安新区公共服务局、改革发展局：
为深入贯彻《中共中央办公厅国务院办公厅关于进一步减轻义务教育阶段学生作业负担和校外培训负担的意见》精神，落实《教育部办公厅等四部门关于进一步规范义务教育课后服务有关工作的通知》要求，进一步规范我省义务教育课后服务工作，提高课后服务水平和质量，现就有关要求通知如下。
一、严格确定服务时间，严禁随意扩大范围。各地义务教育学校要严格确定课后服务时间，要在上课日及完成国家规定课程和学校教学计划之后认真安排，结束时间应与当地正常下班时间作好衔接。学校为学生提供的早到校看管和自习、午餐午休看管、晚自习等服务不得纳入课后服务范围。
二、严格坚持学生自愿，严禁强制学生参加。各地要将学生自愿参加作为开展课后服务基本原则，学校和教师不得强制要求学生参加。学校开展课后服务要充分征求家长意见、征询学生需求，主动向家长告知服务方式、服务内容、安全保障措施等，由学生和家长自愿报名、自主选课。
三、严格规范服务内容，严禁增加学生课业负担。各地要发挥课后服务育人功能，因地因校制宜，开设丰富多彩的德育、体育、美育、劳动、阅读、科学、兴趣小组和社团活动等，适当增加学生参加体育锻炼的时间，为有需要的学生提供辅导答疑和学习拓展指导，促进学生全面发展。不得利用课后服务时间组织学生刷题备考、讲授新课或集体补课。
四、严格执行收费制度，严禁以课后服务名义乱收费。各地各学校要严格执行收费公示制度，将课后服务收费标准、服务时间、课程内容等相关信息公开，主动接受学生、家长和社会监督。要按相关规定对家庭经济困难学生减免课后服务相关费用。严禁以课后服务名义擅自增加收费项目、扩大收费范围，不得违背学生家长意愿强制收费或捆绑收费，不得通过家长委员会、第三方机构等收取课后服务费。不得将早到校看管和自习、午餐午休看管、晚自习等纳入课后服务收费项目。
五、严格审查校园引进资源，严禁不符合条件的机构和人员进校提供课后服务。各地要按照省教育厅、省体育局联合印发的《河北省非学科类校外培训机构参与学校课后服务工作的指导意见（试行）》相关要求，建立完善第三方机构进校园遴选审核机制，形成机构名单、服务项目及引进费用标准，加强日常监管并建立动态调整机制。引进费用标准要通过招标等竞争性方式确定，并要明显低于培训机构在校外提供同质培训服务的收费标准。要建立校外引进人员资格审查机制，严禁不符合规定条件的人员进入学校提供课后服务。
六、严格排查调整落实，严禁发生课后服务违规行为。一是及时调整完善政策。各地要严格按照本通知要求，对区域内课后服务实施情况进行全面排查，全面规范义务教育阶段服务性收费和代收费项目，及时调整完善相关政策措施，并于2024年春季学期起正式实施。要加强课后服务经费保障，采取财政补贴、服务性收费或代收费等方式，确保经费筹措到位。二是做好对社会和家长的宣传解释工作。各地要在2024年春季学期开学前，通过致家长一封信、家长会等方式，广泛宣传新学期课后服务有关要求，做好解释宣传，实现与既往工作做法平稳衔接过渡。三是健全监督举报平台。各级教育部门要设立课后服务监督举报电话或信箱，及时核查办理群众反映的课后服务问题，坚决纠正违规行为。
省教育厅、省发展和改革委员会、省财政厅、省人力资源和社会保障厅联合印发的《河北省义务教育学校课后服务经费保障办法》（冀教财〔2022〕6号）和《关于全面做好义务教育阶段学校课后服务工作的实施意见》（冀教基〔2022〕11号）与本通知内容不符的，一律以本通知为准。
各市级教育行政部门要会同发展改革、财政、市场监管等相关部门将贯彻落实本通知情况于2024年1月30日前报送省教育厅。联系人：张现军，联系电话：0311-66005227。


河北省教育厅河北省发展和改革委员会
河北省财政厅河北省市场监督管理局
2024年1月12日",政策文件,http://jyt.hebei.gov.cn/column.jsp,http://jyt.hebei.gov.cn/col/1410097726928/2024/01/18/1705549583157.html,
河北省教育厅关于印发《河北省初中学业水平体育与健康科目考试方案（2024 年修订）》的通知,2024年01月12日,有效,"


河北省教育厅关于修订《河北省初中学业水平体育与健康科目考试方案》和《河北省初中学业水平体育与健康科目考试现场测试办法》的政策解读


",政策文件,http://jyt.hebei.gov.cn/column.jsp,http://jyt.hebei.gov.cn/col/1410097726928/2024/01/12/1705050452375.html,http://jyt.hebei.gov.cn/col/1575448237070/2024/01/12/1705050046827.html;
河北省教育厅关于印发《河北省初中学业水平体育与健康科目考试现场测试办法（2024 年修订）》的通知,2024年01月12日,有效,"


河北省教育厅关于修订《河北省初中学业水平体育与健康科目考试方案》和《河北省初中学业水平体育与健康科目考试现场测试办法》的政策解读",政策文件,http://jyt.hebei.gov.cn/column.jsp,http://jyt.hebei.gov.cn/col/1410097726928/2024/01/12/1705050352652.html,http://jyt.hebei.gov.cn/col/1575448237070/2024/01/12/1705050046827.html;
河北省语言文字工作委员会河  北  省  教  育  厅关于组织申报第二批河北省语言文字推广基地的通知,2024年01月10日,有效,"



附件：1.河北省语言文字推广基地评审标准（试行）
2.河北省语言文字推广基地申报表
",政策文件,http://jyt.hebei.gov.cn/column.jsp,http://jyt.hebei.gov.cn/col/1410097726928/2024/01/18/1705566655155.html,http://jyt.hebei.gov.cn/download.jsp?pathfile=/atm/7/20240118163215603.doc;http://jyt.hebei.gov.cn/download.jsp?pathfile=/atm/7/20240118163215566.doc;
河北省教育厅关于做好强降雪大降温天气学校安全防范应对工作的紧急通知,2023年12月13日,有效,,政策文件,http://jyt.hebei.gov.cn/column.jsp,http://jyt.hebei.gov.cn/col/1410097726928/2023/12/13/1702456628240.html,
河北省教育厅关于印发《2024-2026年河北省中等职业学校对口升学考试大纲》的通知,2023年12月04日,有效,"

附件：1.河北省中等职业学校对口升学考试大纲(2024版专业课)
2.河北省中等职业学校对口升学考试大纲(2025版专业课)
3.河北省中等职业学校对口升学考试大纲(2026版专业课)

",政策文件,http://jyt.hebei.gov.cn/column.jsp,http://jyt.hebei.gov.cn/col/1410097726928/2023/12/05/1701746999744.html,http://jyt.hebei.gov.cn/download.jsp?pathfile=/atm/7/20231205112800557.doc;http://jyt.hebei.gov.cn/download.jsp?pathfile=/atm/7/20231205112800538.doc;http://jyt.hebei.gov.cn/download.jsp?pathfile=/atm/7/20231205112800522.doc;
河北省教育厅关于做好2024年普通高等学校专升本考试招生工作的通知,2023年12月01日,有效,,政策文件,http://jyt.hebei.gov.cn/column.jsp,http://jyt.hebei.gov.cn/col/1410097726928/2023/12/01/1701422000947.html,
河北省教育厅关于优化调整河北省普通专升本考试科类及科目设置的通知,2023年11月27日,有效,,政策文件,http://jyt.hebei.gov.cn/column.jsp,http://jyt.hebei.gov.cn/col/1410097726928/2023/11/27/1701052598789.html,
河北省教育厅关于规范中高等职业教育贯通培养转段考试录取工作的通知,2023年11月24日,有效,"各市（含定州、辛集市）教育局，雄安新区公共服务局，各有关学校：
为贯彻落实《河北省教育厅河北省人力资源和社会保障厅河北省发展和改革委员会关于进一步完善职业学校贯通培养模式工作的通知》（冀教职成〔2023〕4号）及《河北省教育厅河北省人力资源和社会保障厅关于明确我省职业学校贯通培养项目招生注册有关工作的通知》（冀教职成〔2023〕9号）等文件精神，进一步规范我省“3+2”“3+4”“5年一贯制”“2+2+2”等不同培养模式下中职进入高等教育阶段的转段考试及录取工作，强化人才培养质量，切实维护高校招生的严肃性和权威性，现将有关事项通知如下：
一、规范组织转段考试
自2023年秋季入学新生起，完成“3+2”“3+4”贯通培养中职阶段学习的学生，均需按要求参加转段考试。转段考试总分为750分。
文化基础知识测试为语文、数学、英语三科，每科满分100分；由全省统一组织实施，考试时间以省教育考试院公布的时间为准。专业基础知识和专业基本技能测试以衔接的高校为主组织实施。高校于测试前2个月内，在纪检部门的监督下，从双方共同制定的本届学生贯通人才培养方案的所有专业必修课中，随机抽取3门测试课程并向学生公布，其中至少1门为专业技能课程（或以专业技能为主的课程），每科满分150分。由联办高校或各相关高校组织，应于每年4月上旬完成。
“2+2+2”贯通培养学生暂不参加统一考试，由合作学校和企业结合平时学业成绩和岗位实习就业表现，按照A、B、C、D、E确定考核档次，计入学生档案。A、B、C、D档次分别按照总分750分的90%、80%、70%、60%赋分；考核为E档次的不予赋分。
二、严格执行淘汰机制
在规范转段考试的基础上，严格执行转段录取淘汰机制。按照冀教职成〔2023〕9号文件规定，“3+2”“3+4”贯通培养学生转段淘汰率原则上不低于5%。淘汰比例以中职教育阶段所在学校所在专业实际参加转段考试人数为基础测算（淘汰人数计算为小数的，按去尾法取整数），从考试总分末位开始淘汰。
“5年一贯制”招生培养学生，各承办学校也要建立相应的淘汰机制。
“2+2+2”贯通培养学生考核为E档次的不予转段录取，具体要求（如出现长期缺席实习环节，严重不遵守劳动纪律等问题）由联办学校双方与合作企业共同商定。
各地各学校要及时将淘汰比例和考试、考核办法通知到今年录取的新生。每年在公布招生计划和开展招生宣传时，要明确将淘汰比例和考试、考核办法告知学生和家长。学生因某种原因未升入高等教育阶段学习，但符合中职毕业要求的，颁发中职毕业证书。
三、统一办理转段录取备案
职业学校贯通培养转段录取工作在省招委会的统一领导下进行。转段考试结束后，各联办高校按照既定淘汰比例末位淘汰、择优转段的原则提出拟录取名单，报省教育考试院统一办理转段录取手续，作为高校新生学籍注册的依据。转段升学结果应在联办学校双方官网对外公示。
“3+2”“3+4”“2+2+2”转段录取的考生不得再参加后期的普通高考、高职单招、对口升学等形式的录取。转段当年未按时取得中职毕业证书的，取消其转段入学资格。
各联办项目学生转段成绩水平情况，将作为省教育厅后续审批职业教育贯通培养项目申办的参考依据。对于学生培养质量差的学校，将取消其贯通培养项目的申办资格。
四、技能拔尖考生优惠政策
对于在中职学习期间获得由教育部主办或联办的全国职业院校技能大赛三等奖以上奖项，或由省级教育行政部门主办或联办的省级职业院校技能大赛三等奖以上奖项，或由市级教育行政部门主办或联办的市级职业院校技能大赛二等奖以上的中职学校贯通培养学生，学生参加转段考试（成绩计入学生档案，不作为转段录取依据）后，直接录取到联办高校。
技能拔尖考生资格审查和录取工作由各联办高校负责，联办高校对考生资格进行审查和公示后，按程序报省教育考试院备案。
五、保障措施
（一）进一步加强组织领导
各联办高校是做好职业学校贯通培养转段考试工作的责任主体，院校校（院）长作为第一责任人，对本校的招生工作负全面领导责任。要成立工作领导小组，加强对本校招生工作的统筹研究、协调部署等事宜。要加强对转段考试各环节工作的组织领导和校级统筹，落实招生、教务等部门及院系的主要责任，确保责任落实到岗到人。院校纪检监察部门要全程参与转段工作，加强对考试命题、制卷、评阅、技能测试、免试资格审查、录取等环节的监管力度，确保考试的安全及保密工作。
（二）进一步规范招录管理
各联办高校要严格执行招生政策规定和纪律要求，严格遵守教育部高校招生“十严禁”“30个不得”“八项基本要求”等规定。要建立招生录取工作备案备查制度，须将考生考试材料（含考试试卷、组考方案、考试工作人员和考官名单、考试全程的录音录像等材料）、录取资料等予以保存以备复查。对于违纪违规工作人员、有关负责人及学校主要负责人，提请纪检监察部门依据党纪政纪处分规定严肃追责问责。
（三）进一步优化招生宣传服务
各地各学校要坚持正确育人导向，及时、主动、准确、全面做好政策解读、信息咨询和温馨提示等服务工作。各联办高校要加大招生信息公开力度，及时在学校网站上公开各环节信息，畅通考生联系咨询通道，安排专人受理考生咨询，及时为考生答疑解惑。各中职学校要面向相关学生开展深入细致的政策宣讲活动，优化课程设置，提高教学实效，把淘汰机制建设作为保证贯通培养模式高质量发展的重要手段。
请各市（含定州、辛集市）教育局、雄安新区公共服务局将此文件转发至辖区内所有贯通培养相关中职学校。
联系人及电话：省教育厅职成处张少峰，0311-66005113
省教育厅学生处苑晓莉，0311-66005130



河北省教育厅
2023年11月24日



",政策文件,http://jyt.hebei.gov.cn/column.jsp,http://jyt.hebei.gov.cn/col/1410097726928/2023/11/24/1700816060512.html,
河北省教育厅关于做好 2024 年普通高等职业教育单独考试招生工作的通知,2023年11月23日,有效,,政策文件,http://jyt.hebei.gov.cn/column.jsp,http://jyt.hebei.gov.cn/col/1410097726928/2023/11/23/1700730783204.html,
河北省教育厅转发教育部普法办关于开展2023年教育系统“宪法宣传周”系列活动的通知,2023年11月20日,有效,"各市（含定州、辛集市）教育局，雄安新区公共服务局，各高等学校：
为认真学习贯彻习近平法治思想和习近平总书记关于宪法法治教育的重要指示精神，推动教育系统集中深入学习宣传宪法，弘扬宪法精神，维护宪法权威，现将教育部普法办《关于开展2023年教育系统“宪法宣传周”系列活动的通知》转发给你们，请按照教育部通知要求，认真组织好系列宣传活动。
2023年12月4日是第十个国家宪法日，教育部将组织开展教育系统“宪法晨读”活动。届时，我省将在石家庄设立分会场，组织开展全省中小学生“宪法晨读”活动。各地各校要广泛发动，有条件的学校要通过教育部青少年普法网（http://qspfw.moe.gov.cn/）观看直播参与活动，提高网络接入率，扩大活动覆盖率。
各地各校要把宪法学习宣传作为一项重要政治任务，加强组织领导，认真部署落实，引导教育系统干部师生积极参与，推动宪法教育有机融入升旗仪式、主题班会、社团活动等多种形式，着力培养学习宪法、尊崇宪法的校园法治文化。要加强宣传报道，通过多种形式及时展示活动亮点和特色，营造宪法学习宣传教育的良好氛围，推动宪法真正走入广大师生干部的日常生活。
活动结束后，各地各校要加强总结，将“宪法宣传周”活动开展情况，参与“宪法晨读”活动的学校数量、学生人数、主要做法、典型经验及有关活动开展情况（包含图片、照片、视频等），形成文字材料于12月10日前报送省教育厅政策法规处，发送至电子邮箱fgc66005085@163.com。
联系人：菅迎宾电话：0311-66005085



河北省教育厅
2023年11月20日",政策文件,http://jyt.hebei.gov.cn/column.jsp,http://jyt.hebei.gov.cn/col/1410097726928/2023/11/28/1701166504447.html,
河北省教育厅关于做好职业教育质量报告（2023年度）编制、发布和报送工作的通知,2023年11月17日,有效,"各市（含定州、辛集市）教育局，雄安新区公共服务局，省属职业学校：
根据教育部《关于做好中国职业教育质量报告（2023年度）编制、发布和报送工作的通知》（教职成司函〔2023〕28号）要求，现就我省2023年职业教育质量年度报告编制、发布和报送有关工作通知如下。
一、编制和发布
（一）编制范围
市级年报（中职）。由各市（含定州、辛集市）教育局、雄安新区公共服务局编制和发布。
学校年报。已有2023届毕业生的中等职业学校、高等职业学校(含职业本科学校，下同)须按“一校一年报”的要求编制和发布。
企业年报。由高等职业学校自主联系实际参与本校人才培养的合作企业编制和发布。鼓励一校联系发布多个企业年报，其中国家“双高计划”和省级“双高计划”立项建设单位、提质培优行动计划省域高水平高职学校建设单位须联系企业发布不少于3个企业年报，其他职业学校须联系企业发布不少于1个企业年报。
（二）编制内容
市级年报和学校年报内容，包含但不限于人才培养、服务贡献、文化传承、国际合作、产教融合、发展保障、面临挑战等七个部分，重点呈现在产教融合、职普融通、科教融汇等方面的改革突破，探索河北省省域现代职业教育体系建设新模式、市域产教联合体和行业产教融合共同体的新经验新范式，以及提升职业学校关键办学能力、加强“双师型”教师队伍建设、建设开放型区域产教融合实践中心、拓宽学生成长成才通道、创新国际交流与合作机制等方面的特色措施。
企业年报要充分展现职业教育改革发展成就，内容包括但不限于企业概况、企业参与办学总体情况、企业资源投入、企业参与教育教学改革（包括人才培养、专业建设、课程建设、实训基地建设、教材建设等）、助推企业发展、问题与展望等六个部分，重点展示企业深度参与职业教育改革的特色做法和成效，体现产教深度融合、校企深度合作，反映企业重要的办学主体作用。
（三）编制要求
各地各学校要严格按照年报文本编写说明（附件2）编制年报，学校年报须附“内容真实性责任声明”（附件3），经学校法人代表签字后扫描置于年报前言之前。“企业年报”封面须加盖企业和学校的公章。
二、平台填报
1.数据指标。各地各校可于2023年11月27日起登录中国职业教育年度质量报告平台（网址:edu.zwdn.com），按平台填报须知及指标内涵说明（附件1）填写年报公开网址和数据表。
2.年报。“中等职业学校年报”“市级年报”“高等职业学校年报”和“企业年报”须于2024年1月12日前，将年报以PDF文本形式上传平台并完成提交。其中，各校还另须上传年报“内容真实性责任声明”。不能按要求提交年报的学校，须于2023年12月29日前书面说明原因并函报省教育厅，各市属职业学校由市级教育行政部门审核汇总后随函报公文一并报送省教育厅，省属职业学校直接函报省教育厅。
三、工作要求
1.编制、发布年报是职业学校健全教育质量评价制度、公开相关信息、接受社会监督的法定义务。各地各校要高度重视年报的编制、发布和报送工作，加强组织领导和工作统筹，明确专人负责。
2.各地各校要加强对年报内容框架的完整性、采集数据的真实性进行合规性检查，提高年报的量化程度、可比性和可读性，切实提高年报质量。要及时发布年报并加大应用宣传，充分发挥年报对职业教育高质量发展的推动作用。
3.省教育厅将组织开展合规审核工作。对各地、各校提交年报的结构框架、撰写内容、数据采集等方面进行合规性、真实性审查把关。对于审查过程中出现问题的学校，省教育厅将进行通报反馈，责令核对修改。对于年报质量较高的学校，进行通报表扬，形成示范效应。
4.省教育厅重视对年报编制工作的结果应用，将年报数据填报、编制质量作为对各地和职业学校管理、绩效评价的重要依据。
报送地址：河北省石家庄市中山西路449号，职业教育与成人教育处（050051）
高职学校联系人：于浩0311-85998907
谢园0311-89636835
中职学校联系人：谢勇旗0311-80787934
平台技术联系人：姚海龙13717702314

附件：1.平台填报须知及指标内涵说明
2.年报文本编写说明

3.内容真实性责任声明
4.年报合规审核要点



河北省教育厅
2023年11月17日",政策文件,http://jyt.hebei.gov.cn/column.jsp,http://jyt.hebei.gov.cn/col/1410097726928/2023/11/30/1701311030811.html,http://jyt.hebei.gov.cn/download.jsp?pathfile=/atm/7/20231130095942896.doc;http://jyt.hebei.gov.cn/download.jsp?pathfile=/atm/7/20231130095942887.doc;http://jyt.hebei.gov.cn/download.jsp?pathfile=/atm/7/20231130095942878.doc;http://jyt.hebei.gov.cn/download.jsp?pathfile=/atm/7/20231130095942866.doc;
关于对《2024-2026年河北省中等职业学校对口升学考试大纲（专业课）》公开征求意见的公告,2023年11月16日,有效,"为做好我省中等职业学校对口升学招生工作，省教育厅组织力量，在广泛调研的基础上，依据教育部颁布的中等职业学校专业教学标准，参考国家规划教材，充分结合我省实际，对专业课考试大纲进行了修订。现将《2024-2026年河北省中等职业学校对口升学考试大纲（专业课）》予以公示，向社会公开征求意见。公示时间为2023年11月16日至2023年11月22日。欢迎社会各界人士以电子邮件、来函等形式提出意见和建议。
电子邮箱：hbszyjy@126.com
通讯地址：河北省教育厅职业教育与成人教育处(石家庄市中山西路449号)，邮编：050051
附件：1.2024年河北省中等职业学校对口升学考试大纲(专业课)
2.2025年河北省中等职业学校对口升学考试大纲(修订后专业)

3.2026年河北省中等职业学校对口升学考试大纲(修订后专业)

河北省教育厅
2023年11月16日",政策文件,http://jyt.hebei.gov.cn/column.jsp,http://jyt.hebei.gov.cn/col/1410097726928/2023/11/16/1700128694002.html,http://jyt.hebei.gov.cn/download.jsp?pathfile=/atm/7/20231116175929444.doc;http://jyt.hebei.gov.cn/download.jsp?pathfile=/atm/7/20231116175929433.doc;http://jyt.hebei.gov.cn/download.jsp?pathfile=/atm/7/20231116175929421.doc;
河北省教育厅关于公布第九届河北省“互联网+”大学生创新创业大赛（职教赛道）获奖名单的通知,2023年11月16日,有效,"各市（含定州、辛集市）教育局，雄安新区公共服务局，各职业院校：
今年6月-8月，我省举办了第九届河北省“互联网+”大学生创新创业大赛（职教赛道）。经过校级初赛和省级复赛，共评选出金奖28个、银奖72个、铜奖165个、单项奖4个、优秀创新创业导师28名、优秀组织奖27个，现将获奖名单予以公布（详见附件）。
各院校要持续深化创新创业教育改革，搭建创新创业实践平台，优化大学生创新创业环境，切实增强大学生的创新精神、创业意识和创新创业能力，更好支持大学生创新创业和成长成才。

附件：第九届河北省“互联网+”大学生创新创业大赛（职教赛道）获奖项目名单


河北省教育厅
2023年11月16日",政策文件,http://jyt.hebei.gov.cn/column.jsp,http://jyt.hebei.gov.cn/col/1410097726928/2023/11/29/1701248474835.html,http://jyt.hebei.gov.cn/download.jsp?pathfile=/atm/7/20231129170027106.docx;
河北省教育厅关于印发《河北省非学科类培训类别项目补充清单》的通知,2023年11月08日,有效,"
",政策文件,http://jyt.hebei.gov.cn/column.jsp,http://jyt.hebei.gov.cn/col/1410097726928/2023/11/24/1700818650226.html,
河北省教育厅等九部门印发《关于加强新时代中小学科学教育工作的实施方案》的通知,2023年11月07日,有效,"



河北省教育厅等九部门印发《关于加强新时代中小学科学教育工作的实施方案》政策解读


",政策文件,http://jyt.hebei.gov.cn/column.jsp,http://jyt.hebei.gov.cn/col/1410097726928/2023/11/16/1700127725076.html,http://jyt.hebei.gov.cn/article.jsp?id=1700644704845;
关于开展中小学生校外培训“安全守护”专项行动的通知,2023年11月06日,有效,"
",政策文件,http://jyt.hebei.gov.cn/column.jsp,http://jyt.hebei.gov.cn/col/1410097726928/2023/11/16/1700127892434.html,
河北省教育厅关于举办2023年度iCAN全国大学生创新创业大赛（河北赛区）等赛事活动的通知,2023年11月06日,有效,"各普通本科高校：
为进一步深化高校创新创业教育教学改革，激发大学生学习兴趣与潜能，培养大学生的实践能力、创新精神和团队协作意识，加强大学生创新创业能力培养，全面提高人才培养质量，经研究，决定举办2023年度iCAN全国大学生创新创业大赛（河北赛区）等三项赛事活动。现就竞赛有关事项通知如下：
一、竞赛项目
（一）2023年度iCAN全国大学生创新创业大赛（河北赛区）
大赛秘书处设在华北理工大学，由华北理工大学承办。
（二）2024年全国大学生市场调查与分析大赛（河北赛区）
大赛秘书处设在河北经贸大学，由河北经贸大学承办。
（三）2024年河北省大学生机械创新设计大赛暨第十一届全国大学生机械创新设计大赛河北分区预赛
大赛秘书处设在燕山大学，由河北农业大学承办。
二、赛事安排
上述赛事活动均组建竞赛组委会负责竞赛组织领导工作。组委会秘书处负责具体组织协调工作。赛事奖项设置及赛程具体安排由各竞赛组委会另行通知。
三、赛事结果
比赛结束后，由省教育厅正式公布获奖名单并颁发证书。
竞赛其他未尽事宜，由各竞赛组委会另行通知。



河北省教育厅
2023年11月6日",政策文件,http://jyt.hebei.gov.cn/column.jsp,http://jyt.hebei.gov.cn/col/1410097726928/2023/11/27/1701076037316.html,
河   北   省   教   育  厅河北省人力资源和社会保障厅河   北   省   财   政  厅关...,2023年11月02日,有效,"各市（含定州、辛集市）教育局、人力资源和社会保障局、财政局，雄安新区公共服务局、改革发展局，省属中职学校：
根据《河北省教育厅河北省人力资源和社会保障厅河北省财政厅关于开展2023年度职业学校绩效评价工作的通知》（冀教职成〔2023〕12号）等文件要求，经学校自评、各市初评推荐、专家评审、展示答辩、网上公示，确定了2023年度河北省中等职业学校绩效评价结果。
根据绩效评价结果，石家庄工程技术学校等20所学校为精品学校；衡水科技工程学校等30所学校为名牌一档学校；承德工业学校等30所学校为名牌二档学校；保定市清苑区职业技术教育中心等32所学校为名牌三档学校；高碑店市职教中心等8所学校为特色学校。现将结果予以公布（名单见附件）。
请各地各学校进一步健全质量提升工程项目推进工作机制，着眼提升项目建设质效、推进中职“双优”建设，落实落细各项建设任务及项目建设主体责任，推动各项工作有序高效开展，确保质量提升工程项目建设取得更大成效，全力创建一批优质中职学校和优质专业，更好服务区域经济社会高质量发展。

附件：河北省中等职业教育质量提升工程项目学校建设绩效评价结果


河北省教育厅河北省人力资源和社会保障厅
河北省财政厅
2023年11月2日


附件

河北省中等职业教育质量提升工程
项目学校建设绩效评价结果




序号
学校名称


精品学校


1
石家庄工程技术学校


2
河北城乡建设学校


3
河北经济管理学校


4
张家口市职业技术教育中心


5
唐山劳动技师学院


6
定州市职业技术教育中心


7
河北省科技工程学校


8
邢台技师学院


9
张家口机械工业学校


10
丰南区职业技术教育中心


11
涿州市职业技术教育中心


12
涿州市高级技工学校


13
邯郸市职教中心


14
迁安市职业技术教育中心


15
玉田县职业技术教育中心


16
邢台现代职业学校


17
河北省机电工程技师学院


18
河北商贸学校


19
深州市职业技术教育中心


20
滦南县职业教育中心


名牌一档学校


1
衡水科技工程学校


2
丰润综合职业技术教育中心


3
秦皇岛技师学院


4
青县职业技术教育中心


5
石家庄电子信息学校


6
保定市女子职业中专学校


7
武安市综合职业技术教育中心


8
迁西县职业技术教育中心


9
永年区职业技术教育中心


10
隆化县职教中心


11
易县职业技术教育中心


12
衡水市职业技术教育中心


13
南宫市职业技术教育中心


14
保定市职业技术教育中心


15
唐山市第一职业中等专业学校


16
石家庄装备制造学校


17
平山县职业教育中心


18
武邑县职教中心


19
沧州工贸学校


20
魏县综合职业技术教育中心


21
石家庄市鹿泉区职业教育中心


22
藁城区职业技术教育中心


23
石家庄文化传媒学校


24
围场县职业技术教育中心


25
阜平县职业技术教育中心


26
丰宁满族自治县职业技术教育中心


27
兴隆县职业技术教育中心


28
衡水铁路电气化学校


29
乐亭县综合职业技术学校


30
石家庄财经商贸学校


名牌二档学校


1
承德工业学校


2
冀南技师学院


3
怀来县职业技术教育中心


4
冀州职教中心


5
宽城满族自治县职业技术教育中心


6
秦皇岛市中等专业学校


7
张北县职业技术教育中心


8
泊头市职业技术教育中心


9
保定市徐水区职业技术教育中心


10
河北省石家庄市高级技工学校


11
涿鹿县职业技术教育中心


12
邯郸技师学院


13
廊坊市电子信息工程学校


14
定州技师学院


15
涉县职业技术教育中心


16
昌黎县职业技术教育中心


17
赵县综合职业技术教育中心


18
邯郸市峰峰矿区职业技术教育中心


19
邢台市信都区职业技术教育中心


20
新乐市职业技术教育中心


21
石家庄交通运输学校


22
邢台市南和区职业技术教育中心


23
廊坊市高级技工学校


24
承德县职教中心


25
石家庄铁路运输学校


26
青龙满族自治县职业技术教育中心


27
保定市满城区职业技术教育中心


28
黄骅市职业技术教育中心


29
磁县职业技术教育中心


30
张家口市宣化职业技术教育中心


名牌三档学校


1
保定市清苑区职业技术教育中心


2
三河市职业技术教育中心


3
保定市第四职业中学


4
临城县职业技术教育中心


5
河北省曲阳县职业技术教育中心


6
曲周县职业技术教育中心


7
滦州市职业技术教育中心


8
沧州市职业技术教育中心


9
邯郸市肥乡区职业技术教育中心


10
遵化市职业技术教育中心


11
平泉市综合职业技术教育中心


12
辛集市职业技术教育中心


13
河北省宁晋县职业技术教育中心


14
沙河市综合职教中心


15
河北省涞源县职业技术教育中心


16
河北雄县职业技术教育中心


17
秦皇岛市抚宁区职业技术教育中心


18
秦皇岛市卫生学校


19
保定市莲池区职教中心


20
临西县职业技术教育中心


21
沧州技师学院


22
张家口煤矿机械制造高级技工学校


23
河间市职业教育中心


24
冀中能源高级技工学校


25
中捷职业技术学校


26
邯郸工程高级技工学校


27
河北省唐县职业技术教育中心


28
河北省故城县职业技术教育中心


29
柏乡县职业技术教育中心


30
卢龙县职业技术教育中心


31
滦平县职业技术教育中心


32
晋州市职业技术教育中心


特色学校


1
高碑店市职教中心


2
内丘县职业技术教育中心


3
高阳县职业技术教育中心


4
平乡县职业技术教育中心


5
唐山市金桥中等专业学校


6
安国市职业技术教育中心


7
唐山市艺术学校


8
河北吴桥杂技艺术学校





",政策文件,http://jyt.hebei.gov.cn/column.jsp,http://jyt.hebei.gov.cn/col/1410097726928/2023/11/29/1701248036581.html,
河北省教育厅关于组织开展全省中小学思政课教师教学基本功大赛的通知,2023年10月30日,有效,,政策文件,http://jyt.hebei.gov.cn/column.jsp,http://jyt.hebei.gov.cn/col/1410097726928/2023/11/28/1701158004142.html,
河 北 省 教 育 厅人民日报社河北分社河 北 省 少 工 委转发关于在全国中小学校持续开展“学习新思想，做...,2023年10月27日,有效,,政策文件,http://jyt.hebei.gov.cn/column.jsp,http://jyt.hebei.gov.cn/col/1410097726928/2023/11/28/1701157877010.html,
河 北 省 教 育 厅河 北 省 妇 女 联 合 会河北省关心下一代工作委员会关于公布首批河北省中小学家庭教...,2023年10月23日,有效,,政策文件,http://jyt.hebei.gov.cn/column.jsp,http://jyt.hebei.gov.cn/col/1410097726928/2023/11/28/1701157647672.html,
河北省教育厅关于举办河北省第九届“关注时事·胸怀天下”大中小学生时事知识竞赛的通知,2023年10月23日,有效,,政策文件,http://jyt.hebei.gov.cn/column.jsp,http://jyt.hebei.gov.cn/col/1410097726928/2023/11/28/1701157187935.html,
河北省教育厅河北省人力资源和社会保障厅关于做好职业学校2024年贯通培养项目工作的通知,2023年10月20日,有效,"各市（含定州、辛集市）教育局、人力资源和社会保障局，雄安新区公共服务局，省属职业院校，有关普通本科学校：
为深入贯彻落实中办、国办《关于深化现代职业教育体系建设改革的意见》（中办发〔2022〕65号）工作部署，建立健全现代职业教育体系，现就做好我省中等职业学校（含技工院校，以下简称中职）与高等职业学校（含职教本科，以下简称高职，“3+4”项目有关普通本科学校参照）2024年贯通培养项目工作通知如下：
一、工作原则
（一）“三年一大调，每年做微调”原则。按照省教育厅等三部门《关于进一步完善职业学校贯通培养模式工作的通知》（冀教职成〔2023〕4号）要求，“经审核确定的中职与高校‘3+2’‘3+4’‘5年一贯制’‘2+2+2’贯通培养联合办学主体和专业，原则上每3年进行一次动态调整”，2024年贯通培养项目除“2+2+2”项目扩大试点范围外，不再新增项目，重点根据实效淘汰部分吸引力不足、培养质量不高的项目。
（二）吸引力原则。按照学生报到人数占招生计划的比例，2023年实际到校（中职或高职）人数不足50%的项目，取消项目资格。省教育厅近期将反馈这些项目名单。
2023年实际到校（中职或高职）人数不足75%的项目，给予警告；如2024年仍然不足75%，将被取消贯通培养资格，并在中职与高职绩效评价中均予以扣分。
（三）办学质量原则。自2023年入学学生开始，“3+2”“3+4”贯通培养学生转段淘汰率原则上不低于5%（具体要求另行发文）；同时按学生转段文化素质考试平均成绩对中职学校排名，全省排名（体育、文艺、杂技等高技能项目除外）靠后的学校，将被取消贯通培养资格。
2023年高职对中职贯通培养项目评估不合格的，将被取消贯通培养资格。
二、申报和备案范围
各地各职业学校要认真开展项目申报和备案工作：
（一）需申报项目。2024年除“2+2+2”项目扩大试点范围须申报外，其他项目不再新增。
（二）需备案项目。2023年已批准的“3+2”“3+4”“5年一贯制”“2+2+2”贯通培养项目。
三、新增项目申报条件
中职、企业和高职2024年拟新增的“2+2+2”贯通培养项目，要按照省教育厅等三部门《关于进一步完善职业学校贯通培养模式工作的通知》（冀教职成〔2023〕4号）文件中的申报条件和专业申报要求进行申报。
四、申报和备案程序
（一）2024年新增项目申报程序
1.学校申报。在前期项目预选工作基础上，各市教育、人社部门组织所属中职联合企业和高职于2023年11月15日前完成“2+2+2”项目申报，省属中职学校联合企业和高职于11月25日前将“2+2+2”项目申报材料直接报送至省教育厅。
2.市级审核。各市教育、人社部门负责组织专家对申报材料进行评审，签署专家审核意见后，确定申报学校及专业名单，于11月25日前将有关申报材料、本市《2024年新增“2+2+2”贯通培养项目汇总表》（附件1）报送至省教育厅。
（二）2023年已批项目备案程序
所有备案项目的联办学校和专业等信息需与2023年已批项目信息完全一致。备案条件按照省教育厅等三部门《关于进一步完善职业学校贯通培养模式工作的通知》（冀教职成〔2023〕4号）文件中的申报条件执行。各市教育、人社部门组织所属中职联合高职于2023年11月15日前完成备案。
2023年已批项目学校需填写《河北省职业学校已批贯通培养项目备案表》（附件2）和《2023年已批贯通培养项目备案汇总表》（附件3），各联合办学主体（包括中职、高职、普通本科及企业）需重新签订“联合培养协议”并上报。各市教育、人社部门审核汇总后将有关备案材料和本市《2023年已批贯通培养项目备案汇总表》（附件3）于2023年11月25日前报送至省教育厅，省属中职学校和单独举办“5年一贯制”的高职院校按时直接报送。
各项目2024年拟招生计划不能超过2023年批准数量。应根据2023年招生情况，适度压减招生情况不好、就业前景不明项目的招生计划。
（三）关于“2+2+2”项目三方协议
所有申报和备案的“2+2+2”贯通培养项目，须在中职、企业和高职三方签订“联合培养协议”中，新增以下内容：①学生第四、五、六年身份为企业员工，企业在协议中承诺为其缴纳社保、发放工资；②第五、六年高职与企业合作，主要在企业内培养，半工半读、工学交替；③学生高职毕业后须在企业工作一年，而后自愿决定是否签订后续劳动合同。
五、材料报送
各市、各省属中职学校牵头，请在规定时间内将申报及备案材料（含企业及高职材料）、《2024年新增“2+2+2”贯通培养项目汇总表》《河北省职业学校已批贯通培养项目备案表》和《2023年已批贯通培养项目备案汇总表》（加盖公章扫描版、Excel版各1份）报至省教育厅电子邮箱hbsjytzcc@163.com，邮件标题名和文件名规范为：市/中职简称/企业简称/高职简称+（新增“2+2+2”）/（已批准“3+2”“3+4”“5年一贯制”“2+2+2”其中之一），逾期不予受理。
联系人：张少锋联系电话：0311-66005113

附件：1.2024年新增“2+2+2”贯通培养项目汇总表
2.河北省职业学校已批贯通培养项目备案表
3.2023年已批贯通培养项目备案汇总表



河北省教育厅河北省人力资源和社会保障厅
2023年10月20日
",政策文件,http://jyt.hebei.gov.cn/column.jsp,http://jyt.hebei.gov.cn/col/1410097726928/2023/11/29/1701245298323.html,http://jyt.hebei.gov.cn/download.jsp?pathfile=/atm/7/20231129164912372.docx;http://jyt.hebei.gov.cn/download.jsp?pathfile=/atm/7/20231129164912354.docx;http://jyt.hebei.gov.cn/download.jsp?pathfile=/atm/7/20231129164912335.docx;
河北省教育厅关于印发《河北省教育系统行政裁量权基准(试行)》的通知,2023年10月13日,有效,"



《河北省教育系统行政裁量权基准（试行）》政策解读
",政策文件,http://jyt.hebei.gov.cn/column.jsp,http://jyt.hebei.gov.cn/col/1410097726928/2023/10/16/1697431110728.html,http://jyt.hebei.gov.cn/col/1575448237070/2023/10/16/1697439481503.html;http://jyt.hebei.gov.cn/col/1575448237070/2023/10/16/1697439481503.html;
关于做好河北省2024年少数民族高层次骨干人才计划考生资格审查等有关工作的通知,2023年10月13日,有效,"根据教育部办公厅少数民族高层次骨干人才研究生招生计划工作要求，现就做好河北省2024年少数民族高层次骨干人才计划考生资格审查等有关工作通知如下：
一、审查时间
接收申请资料时间从即日起至10月18日，资格审查时间从即日起至10月19日。
二、生源范围
1.河北省民族自治地方（青龙满族自治县、丰宁满族自治县、宽城满族自治县、围场满族蒙古族自治县、孟村回族自治县、大厂回族自治县）。上述地区汉族考生应在国务院公布的民族自治地方工作3年以上，且报名时仍在民族自治地方工作。
2.内地西藏班、新疆班承担教学和管理任务的教职工；在西藏工作满5年以上的“非西藏生源定向西藏就业计划”毕业生。
三、审查资料
（一）应届考生
1.学校或学校教务部门开具的在校证明；
2.户口页或公安部门开具的户籍证明；
3.身份证；
4.考生登记表。
（二）其他考生
1.本科毕业证、学位证；
2.户口页或公安部门开具的户籍证明；
3.身份证；
4.考生登记表（在职考生需签署工作单位意见）。
四、审查流程
1.材料审查：考生需在10月18日下午5:00前将相关资料扫描文件（注：所有文件为彩色，身份证需要扫描正反面）打包发送至省教育厅高教处电子邮箱，邮件主题命名为“少干-姓名-报考硕士/博士-报考学校”。根据考生提交的材料进行报考资格审核，审查合格后予以公示。
2.公示：审查合格后，考生名单及相关个人基本信息将在省教育厅网页上进行公示，公示时间不少于5天。
3.签署意见：公示结束后，如无任何疑义，省教育厅高教处会将签署意见通过电子邮箱发送至各考生。
4.备案：省教育厅高教处签署意见后，按照河北省教育考试院相关要求进行备案。
五、报名
网上报名时注意在“专项计划”栏目中选“少数民族骨干计划”，报考类别应填为“定向”，定向单位栏在职考生填原工作单位，非在职考生填“河北省教育厅”。
六、签署定向协议书
考生接到录取通知后，需签订“少数民族高层次骨干人才”定向协议书，协议书一式四份（在职考生为一式五份），招生单位必须先行盖章，本人签字（在职考生所在单位盖章）后到省教育厅高教处办理。委托他人代理的，还需提交委托书和代理人身份证复印件。
七、联系方式
联系电话：0311-66005126，电子邮箱：gjc66005126@163.com。

河北省教育厅高等教育处
2023年10月13日

附件：2024年少数民族高层次骨干人才计划考生登记表
",政策文件,http://jyt.hebei.gov.cn/column.jsp,http://jyt.hebei.gov.cn/col/1410097726928/2023/10/13/1697163985638.html,http://jyt.hebei.gov.cn/download.jsp?pathfile=/atm/7/20231013102805798.doc;
河北省教育厅关于公布2023-2025学年面向中小学生的全省性竞赛活动的通知,2023年09月20日,有效,,政策文件,http://jyt.hebei.gov.cn/column.jsp,http://jyt.hebei.gov.cn/col/1410097726928/2023/09/20/1695203530895.html,
河北省教育厅 河北省体育局关于印发《河北省非学科类校外培训机构参与学校课后服务工作的指导意见（试行）》的通知,2023年09月19日,有效,,政策文件,http://jyt.hebei.gov.cn/column.jsp,http://jyt.hebei.gov.cn/col/1410097726928/2023/09/22/1695369641591.html,
河北教育系统政务服务(除行政许可、行政备案外)事项清单(2023年版),2023年09月12日,有效,,政策文件,http://jyt.hebei.gov.cn/column.jsp,http://jyt.hebei.gov.cn/col/1410097726928/2023/12/29/1703837582695.html,
教育部颁布《校外培训行政处罚暂行办法》,2023年09月12日,有效,"近日，教育部颁布《校外培训行政处罚暂行办法》（教育部令第53号）。《办法》将于2023年10月15日起实施。
《办法》全文——

校外培训行政处罚暂行办法

第一章总则
第一条为落实立德树人根本任务，发展素质教育，加强校外培训监管，规范校外培训行政处罚行为，保护自然人、法人和其他组织的合法权益，根据《中华人民共和国行政处罚法》《中华人民共和国未成年人保护法》《中华人民共和国民办教育促进法》《中华人民共和国民办教育促进法实施条例》等有关法律、行政法规，制定本办法。
第二条自然人、法人或者其他组织面向社会招收3周岁以上学龄前儿童、中小学生，违法开展校外培训，应当给予行政处罚的，适用本办法。
第三条实施校外培训行政处罚，应当遵循公正、公开的原则，坚持处罚与教育相结合、宽严相济，做到事实清楚、证据确凿、依据正确、程序合法、处罚适当。
第四条对实施行政处罚过程中知悉的国家秘密、商业秘密和个人隐私，应当依法予以保密；为履行法定职责处理个人信息，应当依照法律、法规规定的权限、程序进行，不得超出履行法定职责所必需的范围和限度。
第五条校外培训行政处罚的种类包括：
（一）警告、通报批评；
（二）罚款、没收违法所得、没收非法财物；
（三）责令停止招收学员；
（四）责令停止举办；
（五）吊销许可证件；
（六）限制从业；
（七）法律、行政法规规定的其他行政处罚。
第二章实施机关、管辖和适用
第六条校外培训行政处罚由县级以上人民政府校外培训主管部门依法按照行政处罚权限实施。校外培训主管部门由省级人民政府根据国家有关规定确定。
校外培训行政处罚由综合行政执法部门实施的，校外培训主管部门应当与综合行政执法部门建立行政执法信息互联互通、执法过程协作配合、执法结果及时反馈的工作机制。
校外培训行政处罚由乡镇人民政府、街道办事处实施的，县级校外培训主管部门应当加强对乡镇街道校外培训行政处罚工作的组织协调、业务指导、执法监督。
第七条校外培训主管部门可以在法定权限内书面委托符合行政处罚法规定条件的组织实施行政处罚。
委托书应当载明委托的具体事项、权限、期限等内容，并应当将委托书向社会公布。
委托行政机关应当对受委托组织实施行政处罚的行为进行监督，并对该行为的后果承担法律责任。
受委托组织在委托范围内，以委托行政机关的名义实施行政处罚；不得再委托其他任何组织或者个人实施行政处罚。
第八条对线下校外培训违法行为的行政处罚，由违法行为发生地县级人民政府校外培训主管部门管辖。违法行为发生地与机构审批地不一致的，机构审批地有关部门应当依法予以协助。
第九条对经审批的线上校外培训机构违法行为的行政处罚，由机构审批机关管辖；对未经审批进行线上校外培训活动的行政处罚，由违法主体所在地省级人民政府校外培训主管部门管辖。
违法行为发生地省级人民政府校外培训主管部门先行发现线上校外培训违法线索或者收到投诉、举报的，也可以进行管辖，机构审批地或者违法主体所在地校外培训主管部门应当依法予以协助。
第十条两个以上校外培训主管部门对同一个校外培训违法行为都有管辖权的，由最先立案的校外培训主管部门管辖。
对管辖发生争议的，应当协商解决，协商不成的，报请共同的上一级校外培训主管部门或者同级人民政府指定管辖；也可以直接由共同的上一级校外培训主管部门指定管辖。
校外培训主管部门发现立案查处的案件不属于本部门管辖的，应当将案件移送有管辖权的校外培训主管部门。受移送的校外培训主管部门对管辖权有异议的，应当报请共同的上一级校外培训主管部门或者同级人民政府指定管辖，不得再自行移送。
第十一条上级人民政府校外培训主管部门有权直接查处下级部门管辖的校外培训违法案件。
上级人民政府校外培训主管部门可以将某个下级部门管辖的校外培训违法案件指定其他下级人民政府校外培训主管部门管辖。
第十二条地方各级人民政府校外培训主管部门发现校外培训违法行为涉嫌违反治安管理、出入境管理等法律法规的，应当及时移送公安机关予以处罚；涉嫌犯罪的，应当及时按照有关规定移送司法机关，依法追究刑事责任。
第十三条对当事人的同一个校外培训违法行为，不得给予两次以上罚款的行政处罚。
同一个校外培训违法行为违反多个法律规范，应当给予罚款处罚的，按照罚款数额高的规定处罚。
第十四条当事人有下列情形之一，应当从轻或者减轻行政处罚：
（一）主动消除或者减轻违法行为危害后果的；
（二）受他人胁迫或者诱骗实施违法行为的；
（三）主动供述校外培训主管部门尚未掌握的违法行为的；
（四）配合校外培训主管部门查处违法行为有立功表现的；
（五）法律、法规、规章规定其他应当从轻或者减轻行政处罚的。
第十五条当事人有下列情形之一的，不予处罚，但应当对其进行教育：
（一）校外培训违法行为轻微并及时改正，没有造成危害后果的；
（二）当事人有证据足以证明没有主观过错的；
（三）违法行为已经超过给予行政处罚的法定期限的；
（四）法律、法规、规章规定的其他不予处罚情形。
初次违法且危害后果轻微并及时改正的，可以不予处罚。
第十六条当事人有下列情形之一，应当依法从重处罚：
（一）实施校外培训违法行为被处理后两年内再次实施校外培训违法行为的；
（二）危害后果严重，造成严重恶劣社会影响的；
（三）同时违反突发事件应对措施的；
（四）伪造、涂改或者转移、销毁证据的；
（五）拒绝、阻碍或者以暴力威胁行政执法人员执法的；
（六）属于中小学在职教师且培训内容为学科类校外培训的；
（七）法律、法规、规章规定其他应当从重处罚的。
第三章违法行为和法律责任
第十七条自然人、法人或者其他组织未经审批开展校外培训，同时符合下列条件的，构成擅自举办校外培训机构，由所在地县级人民政府校外培训主管部门会同同级公安、民政或者市场监督管理等有关部门责令停止举办、退还所收费用，并对举办者处违法所得一倍以上五倍以下罚款：
（一）线下培训有专门的培训场所，线上培训有特定的网站或者应用程序；
（二）有2名以上培训从业人员；
（三）有相应的组织机构和分工。
第十八条自然人、法人或者其他组织变相开展学科类校外培训，尚不符合本办法第十七条规定条件，有下列行为之一的，由所在地县级以上人民政府校外培训主管部门会同其他有关部门责令改正，退还所收费用，予以警告或通报批评；情节严重的，处5万元以下罚款；情节特别严重的，处5万元以上10万元以下罚款：
（一）通过即时通讯、网络会议、直播平台等方式有偿开展校外培训的；
（二）利用居民楼、酒店、咖啡厅等场所有偿组织开展“一对一”“一对多”等校外培训的；
（三）以咨询、文化传播、素质拓展、竞赛、思维训练、家政服务、家庭教育指导、住家教师、众筹私教、游学、研学、冬夏令营、托管等名义有偿开展校外培训的；
（四）其他未经审批开展学科类校外培训，尚不符合本办法第十七条规定条件的。
第十九条自然人、法人或者其他组织知道或者应当知道违法校外培训活动的情况存在，仍为其开展校外培训提供场所的，由县级以上人民政府校外培训主管部门会同其他有关部门责令限期改正；逾期拒不改正的，予以警告或者通报批评。
网络平台运营者知道或者应当知道其用户通过即时通讯、网络会议、直播平台等方式违法开展线上校外培训，仍为其提供服务的，适用前款规定处理。
第二十条校外培训机构超出办学许可范围，有下列行为之一的，由县级以上人民政府校外培训主管部门或者其他有关部门责令限期改正，并予以警告；有违法所得的，退还所收费用后没收违法所得；情节严重的，责令停止招收学员、吊销许可证件：
（一）线下培训机构开展线上校外培训的，但是以现代信息技术辅助开展培训活动的除外；
（二）线上培训机构开展线下校外培训的；
（三）非学科类培训机构开展学科类校外培训的；
（四）学科类培训机构开展非学科类校外培训的；
（五）其他超出办学许可范围开展培训活动的。
第二十一条校外培训机构违反法律、行政法规和国家有关规定开展培训活动，有下列行为之一的，由县级以上人民政府校外培训主管部门或者其他有关部门责令限期改正，并予以警告；有违法所得的，退还所收费用后没收违法所得；情节严重的，责令停止招收学员、吊销许可证件：
（一）违背国家教育方针，偏离社会主义办学方向，阻碍国家教育制度实施的；
（二）培训内容违反法律法规和国务院校外培训主管部门有关规定，影响未成年人身心健康的；
（三）超前超标开展学科类培训的；
（四）培训时间违反法律法规和国务院校外培训主管部门有关规定的；
（五）其他违反法律、行政法规和国家有关规定开展培训活动的。
校外培训机构有前款第（一）（二）项规定行为的，从重处罚。
第二十二条校外培训机构管理混乱，有下列行为之一的，由县级以上人民政府校外培训主管部门或者其他有关部门责令限期改正，并予以警告；有违法所得的，退还所收费用后没收违法所得；情节严重的，责令停止招收学员、吊销许可证件：
（一）与中小学联合招生等违反规定招收学员的；
（二）校外培训机构从业人员的聘任与管理违反法律、法规和国务院校外培训主管部门有关规定的；
（三）校外培训机构收费价格、收费行为、预收费管理等违反法律法规和国务院相关部门有关规定的；
（四）线上校外培训包含与培训无关的网络游戏内容及链接的；
（五）线上校外培训未按照国务院校外培训主管部门有关规定留存培训内容、培训数据、直播培训影像的；
（六）校外培训机构违法违规发布广告的；
（七）其他管理混乱严重影响教育教学的。
校外培训机构有前款第（一）项规定行为的，从重处罚。
第二十三条校外培训机构擅自组织或者参与组织面向3周岁以上学龄前儿童、中小学生的社会性竞赛活动，由县级以上人民政府教育行政部门会同其他有关部门责令改正，退还所收费用，予以警告或者通报批评；情节严重的，处5万元以下罚款；情节特别严重的，处5万元以上10万元以下罚款。
第二十四条校外培训机构有本办法第二十条、第二十一条、第二十二条规定行为的，校外培训主管部门或者其他有关部门可以对其决策机构负责人、行政负责人及直接责任人予以警告；情节严重的，依据民办教育促进法实施条例第六十四条规定，对有关责任人员给予限制从业处罚。
第二十五条校外培训机构举办者及实际控制人、决策机构或者监督机构组成人员违反民办教育促进法实施条例第六十二条的，由县级以上人民政府校外培训主管部门或者其他有关部门依据职责分工责令限期改正，有违法所得的，退还所收费用后没收违法所得；情节严重的，依据民办教育促进法实施条例第六十二条规定，给予限制从业处罚。
第四章处罚程序和执行
第二十六条校外培训主管部门发现涉嫌违反校外培训有关法律、法规和规章行为的，应当进行初步审查，同时符合下列条件的，应当予以立案：
（一）有明确的违法当事人；
（二）有证据初步证明存在违法事实；
（三）依法应当给予行政处罚；
（四）属于本部门管辖；
（五）在给予行政处罚的法定期限内。
立案应当填写立案审批表，报本部门负责人审批。
第二十七条对于已经立案的案件，经调查发现不符合本办法第二十六条规定的立案条件的，校外培训主管部门应当撤销立案。
第二十八条校外培训主管部门应当全面、客观、公正地调查，收集有关证据，制作调查笔录、询问笔录等，在调查过程中可行使下列职权：
（一）对当事人涉嫌开展违法活动的场所实施现场调查；
（二）询问当事人或者有关人员；
（三）查阅、复制与涉嫌违法培训有关的合同、票据、账簿、广告、宣传资料、花名册和其他有关资料；
（四）在证据可能灭失或者以后难以取得的情况下，经校外培训主管部门负责人批准，可先行登记保存，并应当在七日内及时作出处理决定；
（五）法律、法规规定的其他职权。
第二十九条拟给予行政处罚的案件，在作出行政处罚决定前，校外培训主管部门应当书面告知当事人拟作出的行政处罚内容及事实、理由、依据，并告知当事人依法享有的陈述权、申辩权。
当事人提出陈述、申辩意见的，校外培训主管部门应当充分听取当事人的意见，对当事人提出的事实、理由和证据进行复核，当事人提出的事实、理由或者证据成立的，校外培训主管部门应当采纳。
第三十条校外培训主管部门拟作出下列行政处罚决定的，应当告知当事人有要求听证的权利：
（一）对自然人处3万元以上、对法人或者其他组织处10万元以上的罚款；
（二）没收10万元以上违法所得；
（三）本办法第五条第（三）（四）（五）（六）项行政处罚；
（四）法律、法规、规章规定的其他情形。
当事人依法要求听证的，应当自告知书送达之日起五日内提出，由校外培训主管部门负责法制审核的机构按照行政处罚法等相关法律法规规定的程序组织听证程序。听证结束后，校外培训主管部门应当根据听证笔录，依法作出决定。
第三十一条当事人自告知书送达之日起五日内，未行使陈述、申辩权，视为放弃此权利。
第三十二条校外培训主管部门在作出行政处罚决定前，应当责令当事人限期改正，当事人及时改正并积极消除危害后果的，可以依法从轻、减轻或者免予处罚。
第三十三条有下列情形之一，在行政机关负责人作出行政处罚的决定前，应当由校外培训主管部门负责法制审核的机构进行法制审核，未经法制审核或者审核未通过的，不得作出决定：
（一）涉及重大公共利益的；
（二）直接关系当事人或者第三人重大权益，经过听证程序的；
（三）案件情况疑难复杂、涉及多个法律关系的；
（四）法律、法规规定应当进行法制审核的其他情形。
前款第二项规定的案件，应当在听证程序结束后进行法制审核。
第三十四条调查终结，校外培训主管部门负责人应当对调查结果进行审查，根据行政处罚法的规定作出决定。
对本办法第三十三条规定的情形以及其他情节复杂或者重大违法行为给予行政处罚，校外培训主管部门负责人应当在行政处罚事先告知书作出之前集体讨论决定。
校外培训主管部门作出行政处罚决定，应当制作行政处罚决定书，行政处罚决定书应当根据行政处罚法的规定载明有关内容，并加盖本部门印章。
第三十五条行政处罚决定书应当在宣告后当场交付当事人；当事人不在场的，应当在七日内依照民事诉讼法的有关规定送达当事人。
当事人同意并签订确认书的，校外培训主管部门可以采用传真、电子邮件等方式，将行政处罚决定书等送达当事人。
当事人下落不明，或者依照民事诉讼法规定的其他方式无法送达的，可以公告送达。自发出公告之日起，经过三十日，即视为送达。公告送达，应当在案卷中记明原因和经过。
第三十六条行政处罚决定书送达后当事人在法定期限内不申请行政复议或者提起行政诉讼，又不履行处罚决定的，校外培训主管部门可以自期限届满之日起三个月内依法申请人民法院强制执行。
第三十七条行政处罚有下列情形之一的，经校外培训主管部门负责人批准，案件结案：
（一）处罚决定执行完毕的；
（二）已依法申请人民法院强制执行的；
（三）案件终止调查的；
（四）其他应当结案的情形。
行政处罚案件材料应当按照有关法律法规和档案管理规定归档保存。
第五章执法监督
第三十八条校外培训主管部门应当建立执法监督制度。
上级校外培训主管部门应当加强对下级校外培训主管部门行政处罚工作的指导。
具有一定社会影响的校外培训行政处罚决定应当依法向社会公开。
第三十九条对于重大违法案件，上级校外培训主管部门可以挂牌督办，提出办理要求，督促下级部门限期办理。
第四十条县级以上人民政府校外培训主管部门应当建立违法案件统计报告制度，定期将本行政区域内的校外培训违法形势分析、案件发生情况、查处情况等逐级上报。
第四十一条校外培训主管部门实施校外培训行政处罚，有下列情形之一的，由有关部门对直接负责的主管人员和其他直接责任人员依法给予处分：
（一）对违法行为未依法采取制止措施的；
（二）应当依法给予行政处罚而未依法处罚的；
（三）应当依法申请强制执行、移送有关机关追究责任，而未依法申请强制执行、移送有关机关的；
（四）有行政处罚法、民办教育促进法等法律法规规定的其他超越职权、滥用职权、徇私舞弊、玩忽职守情形的。
第六章附则
第四十二条本办法中的“违法所得”是指违法开展校外培训所收取的全部款项，依法已经予以退还的预收费未消课款项，可以扣除。法律、行政法规、规章对违法所得的计算另有规定的，从其规定。
第四十三条本办法中“以上”“以下”含本数，“五日”“七日”的规定是指工作日，不含法定节假日。
第四十四条本办法自2023年10月15日起施行。


来源：微言教育


教育部详解《校外培训行政处罚暂行办法》",政策文件,http://jyt.hebei.gov.cn/column.jsp,http://jyt.hebei.gov.cn/col/1410097726928/2023/09/19/1695093345521.html,http://jyt.hebei.gov.cn/col/1410097726928/2023/09/19/1695093345521.html;
